is_source_of_has_startDate,is_source_of_type,is_destination_of_has_source_type,is_source_of_has_classification_type,is_source_of_has_endDate,has_name,is_destination_of_has_startDate,label,is_destination_of_has_source_has_identifier_type,has_identifier_is_source_of_has_endDate,has_description,is_destination_of_has_source_is_source_of_has_startDate,is_destination_of_has_source_is_source_of_has_endDate,has_identifier_label,has_identifier_is_source_of_has_startDate,has_identifier_is_source_of_has_classification_type,is_destination_of_has_source_is_source_of_type,is_source_of_has_destination_type,is_destination_of_type,is_destination_of_has_classification_type,is_destination_of_has_endDate,has_identifier_has_id_value,is_destination_of_has_source_is_source_of_has_destination_type,type,is_destination_of_has_source_is_source_of_has_classification_type,has_identifier_type,has_identifier_has_URI,is_destination_of_has_source_has_identifier_has_URI,has_identifier_is_source_of_type
1901-01-01T00:0000-01:00,FullLinkEntity,Person,Classification,2099-12-31T23:59:59-01:00,Anchoa Curta Aquamaps Native Raster,1901-01-01T00:0000-01:00,Result Product ac94cea9-fbab-488b-9d55-1327698ff3d3,FederatedIdentifier,2099-12-31T23:59:59-01:00,"This Anchoa Curta Species Distribution Map has been generated with the AquaMaps methodology by exploiting the technology and the computational resources provided by iMarine. In particular, this map has been produced using the HSPEC Native Range dataset, generated using the AquaMaps NativeRange algorithm. Hosted on the D4Science Thredds CataSystem.out.println: http://thredds.d4science.org",1901-01-01T00:0000-01:00,2099-12-31T23:59:59-01:00,Result Product Identifier ac94cea9-fbab-488b-9d55-1327698ff3d3,2017-11-24T14:01:21.314261,Classification,FullLinkEntity,Measurement,LinkEntityWithProvisionOrderIPR,Classification,2099-12-31T23:59:59-01:00,ac94cea9-fbab-488b-9d55-1327698ff3d3,PersonName,Product,Classification,FederatedIdentifier,http://www.vre4eic.com/ckancerif/resultProductIdentifier/ac94cea9-fbab-488b-9d55-1327698ff3d3,http://www.vre4eic.com/ckancerif/creatorIdentifier/ebc02b4a-f774-4e7e-afe1-d52ab93126de,SimpleLinkEntity
1901-01-01T00:0000-01:00,FullLinkEntity,Person,Classification,2099-12-31T23:59:59-01:00,Anarhichas orientalis,1901-01-01T00:0000-01:00,Result Product cba06c21-0794-46c1-add5-fb1117db98ef,FederatedIdentifier,2099-12-31T23:59:59-01:00,"This Anarhichas orientalis Species Distribution Map has been generated with the AquaMaps methodology by exploiting the technology and the computational resources provided by iMarine. In particular, this map has been produced using the Default Suitable maps_SuitableRange dataset, generated using AquaMaps SuitableRange algorithm.",1901-01-01T00:0000-01:00,2099-12-31T23:59:59-01:00,Result Product Identifier cba06c21-0794-46c1-add5-fb1117db98ef,2017-11-25T05:23:08.019954,Classification,FullLinkEntity,Measurement,LinkEntityWithProvisionOrderIPR,Classification,2099-12-31T23:59:59-01:00,cba06c21-0794-46c1-add5-fb1117db98ef,PersonName,Product,Classification,string,http://www.vre4eic.com/ckancerif/resultProductIdentifier/cba06c21-0794-46c1-add5-fb1117db98ef,http://www.vre4eic.com/ckancerif/resultPublicationIdentifier/null,SimpleLinkEntity
1901-01-01T00:0000-01:00,SimpleLinkEntity,Person,Classification,2099-12-31T23:59:59-01:00,Amblygobius Decussatus Aquamaps Native Raster,1901-01-01T00:0000-01:00,Result Product f882eb33-665b-4a15-8924-3b9afd085885,FederatedIdentifier,2099-12-31T23:59:59-01:00,"This Amblygobius Decussatus Species Distribution Map has been generated with the AquaMaps methodology by exploiting the technology and the computational resources provided by iMarine. In particular, this map has been produced using the HSPEC Native Range dataset, generated using the AquaMaps NativeRange algorithm. Hosted on the D4Science Thredds CataSystem.out.println: http://thredds.d4science.org",1901-01-01T00:0000-01:00,2099-12-31T23:59:59-01:00,Result Product Identifier f882eb33-665b-4a15-8924-3b9afd085885,2017-11-25T09:42:38.967587,Classification,FullLinkEntity,Measurement,LinkEntityWithProvisionOrderIPR,Classification,2099-12-31T23:59:59-01:00,f882eb33-665b-4a15-8924-3b9afd085885,PersonName,Product,Classification,FederatedIdentifier,http://www.vre4eic.com/ckancerif/resultProductIdentifier/f882eb33-665b-4a15-8924-3b9afd085885,http://www.vre4eic.com/ckancerif/creatorIdentifier/ebc02b4a-f774-4e7e-afe1-d52ab93126de,SimpleLinkEntity
1901-01-01T00:0000-01:00,FullLinkEntity,OrganisationUnit,Classification,2099-12-31T23:59:59-01:00,Aldrichetta forsteri,1901-01-01T00:0000-01:00,Result Product 16a939eb-801f-441e-a19c-1dabfbfff598,FederatedIdentifier,2099-12-31T23:59:59-01:00,"This Aldrichetta forsteri Species Distribution Map has been generated with the AquaMaps methodology by exploiting the technology and the computational resources provided by iMarine. In particular, this map has been produced using the Default Suitable maps_SuitableRange dataset, generated using AquaMaps SuitableRange algorithm.",1901-01-01T00:0000-01:00,2099-12-31T23:59:59-01:00,Result Product Revision Identifier 8a6b563a-a60e-4e34-9129-c7b15f230488,2017-12-01T00:07:49.096689,Classification,FullLinkEntity,Medium,FullLinkEntity,Classification,2099-12-31T23:59:59-01:00,8a6b563a-a60e-4e34-9129-c7b15f230488,PersonName,Product,Classification,string,http://www.vre4eic.com/ckancerif/resultProductRevisionIdentifier/8a6b563a-a60e-4e34-9129-c7b15f230488,http://www.vre4eic.com/ckancerif/resultPublicationIdentifier/null,SimpleLinkEntity
1901-01-01T00:0000-01:00,FullLinkEntity,OrganisationUnit,Classification,2099-12-31T23:59:59-01:00,Acesta Rathbuni Aquamaps Native Raster,1901-01-01T00:0000-01:00,Result Product 7ca19a39-ffe5-40ef-b525-711357c8009b,FederatedIdentifier,2099-12-31T23:59:59-01:00,"This Acesta Rathbuni Species Distribution Map has been generated with the AquaMaps methodology by exploiting the technology and the computational resources provided by iMarine. In particular, this map has been produced using the HSPEC Native Range dataset, generated using the AquaMaps NativeRange algorithm. Hosted on the D4Science Thredds CataSystem.out.println: http://thredds.d4science.org",1901-01-01T00:0000-01:00,2099-12-31T23:59:59-01:00,Result Product Identifier 7ca19a39-ffe5-40ef-b525-711357c8009b,2017-11-25T18:46:00.766122,Classification,FullLinkEntity,Measurement,FullLinkEntity,Classification,2099-12-31T23:59:59-01:00,7ca19a39-ffe5-40ef-b525-711357c8009b,PersonName,Product,Classification,FederatedIdentifier,http://www.vre4eic.com/ckancerif/resultProductIdentifier/7ca19a39-ffe5-40ef-b525-711357c8009b,http://www.vre4eic.com/ckancerif/creatorIdentifier/ebc02b4a-f774-4e7e-afe1-d52ab93126de,SimpleLinkEntity
1901-01-01T00:0000-01:00,SimpleLinkEntity,Publication,Classification,2099-12-31T23:59:59-01:00,alpheus cristulifrons Aquamaps Native 2050 Raster,1901-01-01T00:0000-01:00,Result Product 6e7d1ba8-fa05-4aae-af29-8b54062b8e52,string,2099-12-31T23:59:59-01:00,"This alpheus cristulifrons Species Distribution Map for 2050 has been generated with the AquaMaps methodology by exploiting the technology and the computational resources provided by iMarine. In particular, this map has been produced using the HSPEC Native Range dataset, generated using the AquaMaps NativeRange 2050 algorithm. Hosted on the D4Science Thredds CataSystem.out.println: http://thredds.d4science.org",1901-01-01T00:0000-01:00,2099-12-31T23:59:59-01:00,Result Product Name alpheus-cristulifrons-aquamaps-native-2050-raster,2017-11-30T19:56:24.696075,Classification,FullLinkEntity,Measurement,FullLinkEntity,Classification,2099-12-31T23:59:59-01:00,alpheus-cristulifrons-aquamaps-native-2050-raster,ElectronicAddress,Product,Classification,string,http://www.vre4eic.com/ckancerif/resultProductName/alpheus-cristulifrons-aquamaps-native-2050-raster,http://www.vre4eic.com/ckancerif/resultPublicationIdentifier/null,SimpleLinkEntity
1901-01-01T00:0000-01:00,FullLinkEntity,Person,Classification,2099-12-31T23:59:59-01:00,Anarhichas orientalis,1901-01-01T00:0000-01:00,Result Product 74165421-1396-4e47-97c0-02eadeefed62,FederatedIdentifier,2099-12-31T23:59:59-01:00,"This Anarhichas orientalis Species Distribution Map has been generated with the AquaMaps methodology by exploiting the technology and the computational resources provided by iMarine. In particular, this map has been produced using the Default Suitable 2050 maps_SuitableRange2050 dataset, generated using AquaMaps SuitableRange2050 algorithm.",1901-01-01T00:0000-01:00,2099-12-31T23:59:59-01:00,Result Product Revision Identifier 6aefeace-e7b0-4b06-937c-fa8e9e7d95bf,2017-12-25T07:40:15.276240,Classification,FullLinkEntity,Measurement,LinkEntityWithProvisionOrderIPR,Classification,2099-12-31T23:59:59-01:00,6aefeace-e7b0-4b06-937c-fa8e9e7d95bf,ElectronicAddress,Product,Classification,FederatedIdentifier,http://www.vre4eic.com/ckancerif/resultProductRevisionIdentifier/6aefeace-e7b0-4b06-937c-fa8e9e7d95bf,http://www.vre4eic.com/ckancerif/resultPublicationIdentifier/null,SimpleLinkEntity
1901-01-01T00:0000-01:00,SimpleLinkEntity,Person,Classification,2099-12-31T23:59:59-01:00,Anacanthobatis folirostris,1901-01-01T00:0000-01:00,Result Product 8b17f734-2b9b-43e9-8eca-de0610bde511,FederatedIdentifier,2099-12-31T23:59:59-01:00,"This Anacanthobatis folirostris Species Distribution Map has been generated with the AquaMaps methodology by exploiting the technology and the computational resources provided by iMarine. In particular, this map has been produced using the Default Suitable maps_SuitableRange dataset, generated using AquaMaps SuitableRange algorithm.",1901-01-01T00:0000-01:00,2099-12-31T23:59:59-01:00,Result Product Revision Identifier b2cabaf7-ea3c-4645-b13e-ec999ae6ace9,2017-11-24T18:32:57.506110,Classification,FullLinkEntity,Measurement,LinkEntityWithProvisionOrderIPR,Classification,2099-12-31T23:59:59-01:00,b2cabaf7-ea3c-4645-b13e-ec999ae6ace9,ElectronicAddress,Product,Classification,string,http://www.vre4eic.com/ckancerif/resultProductRevisionIdentifier/b2cabaf7-ea3c-4645-b13e-ec999ae6ace9,http://www.vre4eic.com/ckancerif/creatorIdentifier/ebc02b4a-f774-4e7e-afe1-d52ab93126de,SimpleLinkEntity
1901-01-01T00:0000-01:00,FullLinkEntity,OrganisationUnit,Classification,2099-12-31T23:59:59-01:00,acropoma japonicum Aquamaps Native 2050 Raster,1901-01-01T00:0000-01:00,Result Product 358487b9-94f8-4f14-8af2-79d0485d0e7f,string,2099-12-31T23:59:59-01:00,"This acropoma japonicum Species Distribution Map for 2050 has been generated with the AquaMaps methodology by exploiting the technology and the computational resources provided by iMarine. In particular, this map has been produced using the HSPEC Native Range dataset, generated using the AquaMaps NativeRange 2050 algorithm. Hosted on the D4Science Thredds CataSystem.out.println: http://thredds.d4science.org",1901-01-01T00:0000-01:00,2099-12-31T23:59:59-01:00,Result Product Name acropoma-japonicum-aquamaps-native-2050-raster,2017-11-25T13:58:31.928855,Classification,FullLinkEntity,Measurement,FullLinkEntity,Classification,2099-12-31T23:59:59-01:00,acropoma-japonicum-aquamaps-native-2050-raster,ElectronicAddress,Product,Classification,FederatedIdentifier,http://www.vre4eic.com/ckancerif/resultProductName/acropoma-japonicum-aquamaps-native-2050-raster,http://www.vre4eic.com/ckancerif/resultPublicationIdentifier/null,SimpleLinkEntity
1901-01-01T00:0000-01:00,FullLinkEntity,Publication,Classification,2099-12-31T23:59:59-01:00,Alpheus spongiarum,1901-01-01T00:0000-01:00,Result Product ebb0fe58-592c-4ec6-8133-b2d770024c10,FederatedIdentifier,2099-12-31T23:59:59-01:00,"This Alpheus spongiarum Species Distribution Map has been generated with the AquaMaps methodology by exploiting the technology and the computational resources provided by iMarine. In particular, this map has been produced using the Default Suitable maps_SuitableRange dataset, generated using AquaMaps SuitableRange algorithm.",1901-01-01T00:0000-01:00,2099-12-31T23:59:59-01:00,Result Product Revision Identifier 6e72da7f-b634-4838-a60e-0c20544ce84c,2017-11-25T04:15:35.855372,Classification,FullLinkEntity,Measurement,FullLinkEntity,Classification,2099-12-31T23:59:59-01:00,6e72da7f-b634-4838-a60e-0c20544ce84c,ElectronicAddress,Product,Classification,string,http://www.vre4eic.com/ckancerif/resultProductRevisionIdentifier/6e72da7f-b634-4838-a60e-0c20544ce84c,http://www.vre4eic.com/ckancerif/creatorIdentifier/ebc02b4a-f774-4e7e-afe1-d52ab93126de,SimpleLinkEntity
1901-01-01T00:0000-01:00,FullLinkEntity,Person,Classification,2099-12-31T23:59:59-01:00,Ammotretis rostratus,1901-01-01T00:0000-01:00,Result Product b6f89e99-d0e4-4f52-a598-d64aeb49de09,string,2099-12-31T23:59:59-01:00,"This Ammotretis rostratus Species Distribution Map has been generated with the AquaMaps methodology by exploiting the technology and the computational resources provided by iMarine. In particular, this map has been produced using the HSPEC 2050 Native Range dataset, generated using AquaMaps NativeRange2050 algorithm.",1901-01-01T00:0000-01:00,2099-12-31T23:59:59-01:00,Result Product Revision Identifier ebd0b152-9ec4-4c18-9e88-0973fdc8197e,2017-11-26T10:58:12.554875,Classification,FullLinkEntity,Measurement,LinkEntityWithProvisionOrderIPR,Classification,2099-12-31T23:59:59-01:00,ebd0b152-9ec4-4c18-9e88-0973fdc8197e,ElectronicAddress,Product,Classification,FederatedIdentifier,http://www.vre4eic.com/ckancerif/resultProductRevisionIdentifier/ebd0b152-9ec4-4c18-9e88-0973fdc8197e,http://www.vre4eic.com/ckancerif/resultPublicationIdentifier/null,SimpleLinkEntity
1901-01-01T00:0000-01:00,FullLinkEntity,Person,Classification,2099-12-31T23:59:59-01:00,Acanthopagrus berda,1901-01-01T00:0000-01:00,Result Product 19efcdee-4005-4956-b0ce-78d7828829e1,string,2099-12-31T23:59:59-01:00,"This Acanthopagrus berda Species Distribution Map has been generated with the AquaMaps methodology by exploiting the technology and the computational resources provided by iMarine. In particular, this map has been produced using the Default Suitable 2050 maps_SuitableRange2050 dataset, generated using AquaMaps SuitableRange2050 algorithm.",1901-01-01T00:0000-01:00,2099-12-31T23:59:59-01:00,Result Product Name acanthopagrus-berda3,2017-12-23T03:57:36.748036,Classification,FullLinkEntity,Measurement,LinkEntityWithProvisionOrderIPR,Classification,2099-12-31T23:59:59-01:00,acanthopagrus-berda3,PersonName,Product,Classification,FederatedIdentifier,http://www.vre4eic.com/ckancerif/resultProductName/acanthopagrus-berda3,http://www.vre4eic.com/ckancerif/creatorIdentifier/ebc02b4a-f774-4e7e-afe1-d52ab93126de,SimpleLinkEntity
1901-01-01T00:0000-01:00,FullLinkEntity,Person,Classification,2099-12-31T23:59:59-01:00,Ahlia egmontis,1901-01-01T00:0000-01:00,Result Product e111aa51-2819-447d-90fb-5734d4959066,string,2099-12-31T23:59:59-01:00,"This Ahlia egmontis Species Distribution Map has been generated with the AquaMaps methodology by exploiting the technology and the computational resources provided by iMarine. In particular, this map has been produced using the Default Suitable 2050 maps_SuitableRange2050 dataset, generated using AquaMaps SuitableRange2050 algorithm.",1901-01-01T00:0000-01:00,2099-12-31T23:59:59-01:00,Result Product Identifier e111aa51-2819-447d-90fb-5734d4959066,2017-12-23T19:42:25.101964,Classification,FullLinkEntity,Measurement,LinkEntityWithProvisionOrderIPR,Classification,2099-12-31T23:59:59-01:00,e111aa51-2819-447d-90fb-5734d4959066,ElectronicAddress,Product,Classification,string,http://www.vre4eic.com/ckancerif/resultProductIdentifier/e111aa51-2819-447d-90fb-5734d4959066,http://www.vre4eic.com/ckancerif/resultPublicationIdentifier/null,SimpleLinkEntity
1901-01-01T00:0000-01:00,FullLinkEntity,Person,Classification,2099-12-31T23:59:59-01:00,Acesta rathbuni,1901-01-01T00:0000-01:00,Result Product db0e7732-1070-4170-bbaa-bf6ec9f2fe78,FederatedIdentifier,2099-12-31T23:59:59-01:00,"This Acesta rathbuni Species Distribution Map has been generated with the AquaMaps methodology by exploiting the technology and the computational resources provided by iMarine. In particular, this map has been produced using the HSPEC 2050 Native Range dataset, generated using AquaMaps NativeRange2050 algorithm.",1901-01-01T00:0000-01:00,2099-12-31T23:59:59-01:00,Result Product Revision Identifier 84929716-2dd0-4b21-9e5c-b2478fc8dc52,2017-11-25T13:40:14.196888,Classification,FullLinkEntity,Measurement,LinkEntityWithProvisionOrderIPR,Classification,2099-12-31T23:59:59-01:00,84929716-2dd0-4b21-9e5c-b2478fc8dc52,ElectronicAddress,Product,Classification,string,http://www.vre4eic.com/ckancerif/resultProductRevisionIdentifier/84929716-2dd0-4b21-9e5c-b2478fc8dc52,http://www.vre4eic.com/ckancerif/creatorIdentifier/ebc02b4a-f774-4e7e-afe1-d52ab93126de,SimpleLinkEntity
1901-01-01T00:0000-01:00,SimpleLinkEntity,OrganisationUnit,Classification,2099-12-31T23:59:59-01:00,Anodontia vesicula,1901-01-01T00:0000-01:00,Result Product 2ae4d562-739f-405a-909e-b737b10250b7,string,2099-12-31T23:59:59-01:00,"This Anodontia vesicula Species Distribution Map has been generated with the AquaMaps methodology by exploiting the technology and the computational resources provided by iMarine. In particular, this map has been produced using the HSPEC 2050 Native Range dataset, generated using AquaMaps NativeRange2050 algorithm.",1901-01-01T00:0000-01:00,2099-12-31T23:59:59-01:00,Result Product Name anodontia-vesicula2,2017-12-24T00:52:05.583535,Classification,FullLinkEntity,Measurement,FullLinkEntity,Classification,2099-12-31T23:59:59-01:00,anodontia-vesicula2,ElectronicAddress,Product,Classification,FederatedIdentifier,http://www.vre4eic.com/ckancerif/resultProductName/anodontia-vesicula2,http://www.vre4eic.com/ckancerif/creatorIdentifier/ebc02b4a-f774-4e7e-afe1-d52ab93126de,SimpleLinkEntity
1901-01-01T00:0000-01:00,FullLinkEntity,Person,Classification,2099-12-31T23:59:59-01:00,Acanthocardia tuberculata,1901-01-01T00:0000-01:00,Result Product 88079bcb-46d6-4cd6-866b-0e9e957df94d,string,2099-12-31T23:59:59-01:00,"This Acanthocardia tuberculata Species Distribution Map has been generated with the AquaMaps methodology by exploiting the technology and the computational resources provided by iMarine. In particular, this map has been produced using the Default Suitable maps_SuitableRange dataset, generated using AquaMaps SuitableRange algorithm.",1901-01-01T00:0000-01:00,2099-12-31T23:59:59-01:00,Result Product Name acanthocardia-tuberculata,2017-11-24T11:47:05.882743,Classification,FullLinkEntity,Measurement,LinkEntityWithProvisionOrderIPR,Classification,2099-12-31T23:59:59-01:00,acanthocardia-tuberculata,ElectronicAddress,Product,Classification,string,http://www.vre4eic.com/ckancerif/resultProductName/acanthocardia-tuberculata,http://www.vre4eic.com/ckancerif/creatorIdentifier/ebc02b4a-f774-4e7e-afe1-d52ab93126de,SimpleLinkEntity
1901-01-01T00:0000-01:00,FullLinkEntity,Person,Classification,2099-12-31T23:59:59-01:00,Alepocephalus bicolor,1901-01-01T00:0000-01:00,Result Product ad52ae9f-d974-487a-a6db-196a90cef81c,FederatedIdentifier,2099-12-31T23:59:59-01:00,"This Alepocephalus bicolor Species Distribution Map has been generated with the AquaMaps methodology by exploiting the technology and the computational resources provided by iMarine. In particular, this map has been produced using the Default Suitable 2050 maps_SuitableRange2050 dataset, generated using AquaMaps SuitableRange2050 algorithm.",1901-01-01T00:0000-01:00,2099-12-31T23:59:59-01:00,Result Product Identifier ad52ae9f-d974-487a-a6db-196a90cef81c,2017-11-26T01:04:16.049013,Classification,FullLinkEntity,Measurement,LinkEntityWithProvisionOrderIPR,Classification,2099-12-31T23:59:59-01:00,ad52ae9f-d974-487a-a6db-196a90cef81c,ElectronicAddress,Product,Classification,FederatedIdentifier,http://www.vre4eic.com/ckancerif/resultProductIdentifier/ad52ae9f-d974-487a-a6db-196a90cef81c,http://www.vre4eic.com/ckancerif/creatorIdentifier/ebc02b4a-f774-4e7e-afe1-d52ab93126de,SimpleLinkEntity
1901-01-01T00:0000-01:00,SimpleLinkEntity,Publication,Classification,2099-12-31T23:59:59-01:00,Alertichthys blacki,1901-01-01T00:0000-01:00,Result Product 972349b6-6f63-4e2c-9c08-a66f78cd6be7,FederatedIdentifier,2099-12-31T23:59:59-01:00,"This Alertichthys blacki Species Distribution Map has been generated with the AquaMaps methodology by exploiting the technology and the computational resources provided by iMarine. In particular, this map has been produced using the HSPEC Native Range dataset, generated using AquaMaps NativeRange algorithm.",1901-01-01T00:0000-01:00,2099-12-31T23:59:59-01:00,Result Product Name alertichthys-blacki3,2017-11-24T13:03:23.726041,Classification,FullLinkEntity,Measurement,FullLinkEntity,Classification,2099-12-31T23:59:59-01:00,alertichthys-blacki3,PersonName,Product,Classification,string,http://www.vre4eic.com/ckancerif/resultProductName/alertichthys-blacki3,http://www.vre4eic.com/ckancerif/resultPublicationIdentifier/null,SimpleLinkEntity
1901-01-01T00:0000-01:00,FullLinkEntity,OrganisationUnit,Classification,2099-12-31T23:59:59-01:00,acanthocybium solandri Aquamaps Native 2050 Raster,1901-01-01T00:0000-01:00,Result Product fc9b6fa7-2218-44f6-948d-3f6644bdfe1d,FederatedIdentifier,2099-12-31T23:59:59-01:00,"This acanthocybium solandri Species Distribution Map for 2050 has been generated with the AquaMaps methodology by exploiting the technology and the computational resources provided by iMarine. In particular, this map has been produced using the HSPEC Native Range dataset, generated using the AquaMaps NativeRange 2050 algorithm. Hosted on the D4Science Thredds CataSystem.out.println: http://thredds.d4science.org",1901-01-01T00:0000-01:00,2099-12-31T23:59:59-01:00,Result Product Revision Identifier b9667b7c-125c-4982-b53c-2061f207e14a,2017-12-24T11:54:32.430381,Classification,FullLinkEntity,Medium,FullLinkEntity,Classification,2099-12-31T23:59:59-01:00,b9667b7c-125c-4982-b53c-2061f207e14a,ElectronicAddress,Product,Classification,string,http://www.vre4eic.com/ckancerif/resultProductRevisionIdentifier/b9667b7c-125c-4982-b53c-2061f207e14a,http://www.vre4eic.com/ckancerif/creatorIdentifier/ebc02b4a-f774-4e7e-afe1-d52ab93126de,SimpleLinkEntity
2017-11-24T18:32:57.032295,SimpleLinkEntity,Publication,string,2099-12-31T23:59:59-01:00,Aeoliscus punctulatus,1901-01-01T00:0000-01:00,Result Product 364e146d-346b-4b9f-895d-06ff649080f5,string,2099-12-31T23:59:59-01:00,"This Aeoliscus punctulatus Species Distribution Map has been generated with the AquaMaps methodology by exploiting the technology and the computational resources provided by iMarine. In particular, this map has been produced using the HSPEC Native Range dataset, generated using AquaMaps NativeRange algorithm.",1901-01-01T00:0000-01:00,2099-12-31T23:59:59-01:00,Result Product Revision Identifier 900ce24e-8ffd-4e03-9c33-63beb49ec581,2017-11-29T14:34:38.739858,Classification,FullLinkEntity,Medium,FullLinkEntity,Classification,2099-12-31T23:59:59-01:00,900ce24e-8ffd-4e03-9c33-63beb49ec581,PersonName,Product,Classification,FederatedIdentifier,http://www.vre4eic.com/ckancerif/resultProductRevisionIdentifier/900ce24e-8ffd-4e03-9c33-63beb49ec581,http://www.vre4eic.com/ckancerif/creatorIdentifier/ebc02b4a-f774-4e7e-afe1-d52ab93126de,SimpleLinkEntity
1901-01-01T00:0000-01:00,SimpleLinkEntity,Person,Classification,2099-12-31T23:59:59-01:00,Ancylopsetta Dilecta Aquamaps Native Raster,1901-01-01T00:0000-01:00,Result Product 4589328a-fc94-40ab-bb31-91b109c9206d,FederatedIdentifier,2099-12-31T23:59:59-01:00,"This Ancylopsetta Dilecta Species Distribution Map has been generated with the AquaMaps methodology by exploiting the technology and the computational resources provided by iMarine. In particular, this map has been produced using the HSPEC Native Range dataset, generated using the AquaMaps NativeRange algorithm. Hosted on the D4Science Thredds CataSystem.out.println: http://thredds.d4science.org",1901-01-01T00:0000-01:00,2099-12-31T23:59:59-01:00,Result Product Name ancylopsetta-dilecta-aquamaps-native-raster,2017-12-23T17:57:36.528749,Classification,FullLinkEntity,Measurement,LinkEntityWithProvisionOrderIPR,Classification,2099-12-31T23:59:59-01:00,ancylopsetta-dilecta-aquamaps-native-raster,ElectronicAddress,Product,Classification,FederatedIdentifier,http://www.vre4eic.com/ckancerif/resultProductName/ancylopsetta-dilecta-aquamaps-native-raster,http://www.vre4eic.com/ckancerif/resultPublicationIdentifier/null,SimpleLinkEntity
1901-01-01T00:0000-01:00,SimpleLinkEntity,OrganisationUnit,Classification,2099-12-31T23:59:59-01:00,Aetobatus Flagellum Aquamaps Native Raster,1901-01-01T00:0000-01:00,Result Product 6df56c33-c02d-4467-b263-0ebed33d4f95,FederatedIdentifier,2099-12-31T23:59:59-01:00,"This Aetobatus Flagellum Species Distribution Map has been generated with the AquaMaps methodology by exploiting the technology and the computational resources provided by iMarine. In particular, this map has been produced using the HSPEC Native Range dataset, generated using the AquaMaps NativeRange algorithm. Hosted on the D4Science Thredds CataSystem.out.println: http://thredds.d4science.org",1901-01-01T00:0000-01:00,2099-12-31T23:59:59-01:00,Result Product Name aetobatus-flagellum-aquamaps-native-raster,2017-11-29T08:48:50.836285,Classification,FullLinkEntity,Measurement,FullLinkEntity,Classification,2099-12-31T23:59:59-01:00,aetobatus-flagellum-aquamaps-native-raster,ElectronicAddress,Product,Classification,FederatedIdentifier,http://www.vre4eic.com/ckancerif/resultProductName/aetobatus-flagellum-aquamaps-native-raster,http://www.vre4eic.com/ckancerif/creatorIdentifier/ebc02b4a-f774-4e7e-afe1-d52ab93126de,SimpleLinkEntity
1901-01-01T00:0000-01:00,FullLinkEntity,Person,Classification,2099-12-31T23:59:59-01:00,Achirus mazatlanus,1901-01-01T00:0000-01:00,Result Product 5df33fc5-edec-410e-b038-281039108b75,FederatedIdentifier,2099-12-31T23:59:59-01:00,"This Achirus mazatlanus Species Distribution Map has been generated with the AquaMaps methodology by exploiting the technology and the computational resources provided by iMarine. In particular, this map has been produced using the Default Suitable 2050 maps_SuitableRange2050 dataset, generated using AquaMaps SuitableRange2050 algorithm.",1901-01-01T00:0000-01:00,2099-12-31T23:59:59-01:00,Result Product Identifier 5df33fc5-edec-410e-b038-281039108b75,2017-11-29T05:12:59.074908,Classification,FullLinkEntity,Measurement,LinkEntityWithProvisionOrderIPR,Classification,2099-12-31T23:59:59-01:00,5df33fc5-edec-410e-b038-281039108b75,ElectronicAddress,Product,Classification,FederatedIdentifier,http://www.vre4eic.com/ckancerif/resultProductIdentifier/5df33fc5-edec-410e-b038-281039108b75,http://www.vre4eic.com/ckancerif/resultPublicationIdentifier/null,SimpleLinkEntity
1901-01-01T00:0000-01:00,SimpleLinkEntity,OrganisationUnit,Classification,2099-12-31T23:59:59-01:00,Abudefduf Vaigiensis Aquamaps Native Raster,1901-01-01T00:0000-01:00,Result Product a08c582c-5d21-4712-a5b3-801ab8ce20ff,FederatedIdentifier,2099-12-31T23:59:59-01:00,"This Abudefduf Vaigiensis Species Distribution Map has been generated with the AquaMaps methodology by exploiting the technology and the computational resources provided by iMarine. In particular, this map has been produced using the HSPEC Native Range dataset, generated using the AquaMaps NativeRange algorithm. Hosted on the D4Science Thredds CataSystem.out.println: http://thredds.d4science.org",1901-01-01T00:0000-01:00,2099-12-31T23:59:59-01:00,Result Product Revision Identifier 8f42c65d-df77-46fa-a98e-dc408a5a28a5,2017-11-24T13:17:18.505548,Classification,FullLinkEntity,Product,FullLinkEntity,Classification,2099-12-31T23:59:59-01:00,8f42c65d-df77-46fa-a98e-dc408a5a28a5,ElectronicAddress,Product,Classification,string,http://www.vre4eic.com/ckancerif/resultProductRevisionIdentifier/8f42c65d-df77-46fa-a98e-dc408a5a28a5,http://www.vre4eic.com/ckancerif/resultPublicationIdentifier/null,SimpleLinkEntity
1901-01-01T00:0000-01:00,FullLinkEntity,Person,Classification,2099-12-31T23:59:59-01:00,Anarrhichthys ocellatus,1901-01-01T00:0000-01:00,Result Product f0640b9d-e28f-4aaa-ac0e-1eaa0e27e02f,FederatedIdentifier,2099-12-31T23:59:59-01:00,"This Anarrhichthys ocellatus Species Distribution Map has been generated with the AquaMaps methodology by exploiting the technology and the computational resources provided by iMarine. In particular, this map has been produced using the Default Suitable 2050 maps_SuitableRange2050 dataset, generated using AquaMaps SuitableRange2050 algorithm.",1901-01-01T00:0000-01:00,2099-12-31T23:59:59-01:00,Result Product Name anarrhichthys-ocellatus3,2017-12-03T11:41:42.351861,Classification,FullLinkEntity,Measurement,LinkEntityWithProvisionOrderIPR,Classification,2099-12-31T23:59:59-01:00,anarrhichthys-ocellatus3,ElectronicAddress,Product,Classification,FederatedIdentifier,http://www.vre4eic.com/ckancerif/resultProductName/anarrhichthys-ocellatus3,http://www.vre4eic.com/ckancerif/creatorIdentifier/ebc02b4a-f774-4e7e-afe1-d52ab93126de,SimpleLinkEntity
1901-01-01T00:0000-01:00,FullLinkEntity,Person,Classification,2099-12-31T23:59:59-01:00,Acanthurus maculiceps,1901-01-01T00:0000-01:00,Result Product 6e11991a-fc58-45c8-8ac7-28332b8ecadd,string,2099-12-31T23:59:59-01:00,"This Acanthurus maculiceps Species Distribution Map has been generated with the AquaMaps methodology by exploiting the technology and the computational resources provided by iMarine. In particular, this map has been produced using the HSPEC 2050 Native Range dataset, generated using AquaMaps NativeRange2050 algorithm.",1901-01-01T00:0000-01:00,2099-12-31T23:59:59-01:00,Result Product Revision Identifier 18e3e109-1ea9-481e-99d3-29cc592ec904,2017-11-24T15:49:06.078008,Classification,FullLinkEntity,Measurement,LinkEntityWithProvisionOrderIPR,Classification,2099-12-31T23:59:59-01:00,18e3e109-1ea9-481e-99d3-29cc592ec904,ElectronicAddress,Product,Classification,FederatedIdentifier,http://www.vre4eic.com/ckancerif/resultProductRevisionIdentifier/18e3e109-1ea9-481e-99d3-29cc592ec904,http://www.vre4eic.com/ckancerif/resultPublicationIdentifier/null,SimpleLinkEntity
1901-01-01T00:0000-01:00,FullLinkEntity,Person,Classification,2099-12-31T23:59:59-01:00,Aesopia cornuta,1901-01-01T00:0000-01:00,Result Product f48f37cf-c40a-440f-ae82-28cf75907bfd,FederatedIdentifier,2099-12-31T23:59:59-01:00,"This Aesopia cornuta Species Distribution Map has been generated with the AquaMaps methodology by exploiting the technology and the computational resources provided by iMarine. In particular, this map has been produced using the Default Suitable maps_SuitableRange dataset, generated using AquaMaps SuitableRange algorithm.",1901-01-01T00:0000-01:00,2099-12-31T23:59:59-01:00,Result Product Revision Identifier e9d6ee16-5287-43be-b038-62385ac3271c,2017-11-24T18:36:58.173219,Classification,FullLinkEntity,Medium,LinkEntityWithProvisionOrderIPR,Classification,2099-12-31T23:59:59-01:00,e9d6ee16-5287-43be-b038-62385ac3271c,PersonName,Product,Classification,FederatedIdentifier,http://www.vre4eic.com/ckancerif/resultProductRevisionIdentifier/e9d6ee16-5287-43be-b038-62385ac3271c,http://www.vre4eic.com/ckancerif/resultPublicationIdentifier/null,SimpleLinkEntity
1901-01-01T00:0000-01:00,FullLinkEntity,Publication,Classification,2099-12-31T23:59:59-01:00,Amblyglyphidodon curacao,1901-01-01T00:0000-01:00,Result Product 59e85d4f-66c9-44e3-af39-d7945d9793fb,FederatedIdentifier,2099-12-31T23:59:59-01:00,"This Amblyglyphidodon curacao Species Distribution Map has been generated with the AquaMaps methodology by exploiting the technology and the computational resources provided by iMarine. In particular, this map has been produced using the HSPEC 2050 Native Range dataset, generated using AquaMaps NativeRange2050 algorithm.",1901-01-01T00:0000-01:00,2099-12-31T23:59:59-01:00,Result Product Identifier 59e85d4f-66c9-44e3-af39-d7945d9793fb,2017-11-24T20:30:17.324583,Classification,FullLinkEntity,Measurement,FullLinkEntity,Classification,2099-12-31T23:59:59-01:00,59e85d4f-66c9-44e3-af39-d7945d9793fb,ElectronicAddress,Product,Classification,string,http://www.vre4eic.com/ckancerif/resultProductIdentifier/59e85d4f-66c9-44e3-af39-d7945d9793fb,http://www.vre4eic.com/ckancerif/resultPublicationIdentifier/null,SimpleLinkEntity
1901-01-01T00:0000-01:00,FullLinkEntity,Person,Classification,2099-12-31T23:59:59-01:00,Acropora cerealis,1901-01-01T00:0000-01:00,Result Product 42b069e1-dace-432c-9f4a-64e5c24789f6,string,2099-12-31T23:59:59-01:00,"This Acropora cerealis Species Distribution Map has been generated with the AquaMaps methodology by exploiting the technology and the computational resources provided by iMarine. In particular, this map has been produced using the HSPEC 2050 Native Range dataset, generated using AquaMaps NativeRange2050 algorithm.",1901-01-01T00:0000-01:00,2099-12-31T23:59:59-01:00,Result Product Name acropora-cerealis2,2017-12-02T19:31:32.161379,Classification,FullLinkEntity,Measurement,LinkEntityWithProvisionOrderIPR,Classification,2099-12-31T23:59:59-01:00,acropora-cerealis2,ElectronicAddress,Product,Classification,FederatedIdentifier,http://www.vre4eic.com/ckancerif/resultProductName/acropora-cerealis2,http://www.vre4eic.com/ckancerif/creatorIdentifier/ebc02b4a-f774-4e7e-afe1-d52ab93126de,SimpleLinkEntity
1901-01-01T00:0000-01:00,FullLinkEntity,Person,Classification,2099-12-31T23:59:59-01:00,Anampses elegans,1901-01-01T00:0000-01:00,Result Product f3056f25-b1fb-43e9-89de-501af1f3a42e,FederatedIdentifier,2099-12-31T23:59:59-01:00,"This Anampses elegans Species Distribution Map has been generated with the AquaMaps methodology by exploiting the technology and the computational resources provided by iMarine. In particular, this map has been produced using the HSPEC 2050 Native Range dataset, generated using AquaMaps NativeRange2050 algorithm.",1901-01-01T00:0000-01:00,2099-12-31T23:59:59-01:00,Result Product Identifier f3056f25-b1fb-43e9-89de-501af1f3a42e,2017-11-30T07:11:39.070429,Classification,FullLinkEntity,Measurement,LinkEntityWithProvisionOrderIPR,Classification,2099-12-31T23:59:59-01:00,f3056f25-b1fb-43e9-89de-501af1f3a42e,PersonName,Product,Classification,string,http://www.vre4eic.com/ckancerif/resultProductIdentifier/f3056f25-b1fb-43e9-89de-501af1f3a42e,http://www.vre4eic.com/ckancerif/resultPublicationIdentifier/null,SimpleLinkEntity
1901-01-01T00:0000-01:00,SimpleLinkEntity,OrganisationUnit,Classification,2099-12-31T23:59:59-01:00,Amphistichus argenteus,1901-01-01T00:0000-01:00,Result Product 28030e9e-b78c-4138-8f42-41c011d31947,FederatedIdentifier,2099-12-31T23:59:59-01:00,"This Amphistichus argenteus Species Distribution Map has been generated with the AquaMaps methodology by exploiting the technology and the computational resources provided by iMarine. In particular, this map has been produced using the HSPEC Native Range dataset, generated using AquaMaps NativeRange algorithm.",1901-01-01T00:0000-01:00,2099-12-31T23:59:59-01:00,Result Product Name amphistichus-argenteus,2017-11-24T16:31:33.656430,Classification,FullLinkEntity,Measurement,FullLinkEntity,Classification,2099-12-31T23:59:59-01:00,amphistichus-argenteus,ElectronicAddress,Product,Classification,FederatedIdentifier,http://www.vre4eic.com/ckancerif/resultProductName/amphistichus-argenteus,http://www.vre4eic.com/ckancerif/resultPublicationIdentifier/null,SimpleLinkEntity
1901-01-01T00:0000-01:00,SimpleLinkEntity,Person,Classification,2099-12-31T23:59:59-01:00,acentrogobius audax Aquamaps Native 2050 Raster,1901-01-01T00:0000-01:00,Result Product 28c0df13-8298-432f-a16c-0f86db997c92,string,2099-12-31T23:59:59-01:00,"This acentrogobius audax Species Distribution Map for 2050 has been generated with the AquaMaps methodology by exploiting the technology and the computational resources provided by iMarine. In particular, this map has been produced using the HSPEC Native Range dataset, generated using the AquaMaps NativeRange 2050 algorithm. Hosted on the D4Science Thredds CataSystem.out.println: http://thredds.d4science.org",1901-01-01T00:0000-01:00,2099-12-31T23:59:59-01:00,Result Product Revision Identifier 312783a9-75e2-4fb7-8924-9a0390ac788a,2017-11-24T20:51:50.907201,Classification,FullLinkEntity,Measurement,LinkEntityWithProvisionOrderIPR,Classification,2099-12-31T23:59:59-01:00,312783a9-75e2-4fb7-8924-9a0390ac788a,ElectronicAddress,Product,Classification,FederatedIdentifier,http://www.vre4eic.com/ckancerif/resultProductRevisionIdentifier/312783a9-75e2-4fb7-8924-9a0390ac788a,http://www.vre4eic.com/ckancerif/creatorIdentifier/ebc02b4a-f774-4e7e-afe1-d52ab93126de,SimpleLinkEntity
1901-01-01T00:0000-01:00,SimpleLinkEntity,Person,Classification,2099-12-31T23:59:59-01:00,acentrogobius bontii Aquamaps Native 2050 Raster,1901-01-01T00:0000-01:00,Result Product 6cbc2098-33f3-4e5f-b859-0b8d59c91bff,string,2099-12-31T23:59:59-01:00,"This acentrogobius bontii Species Distribution Map for 2050 has been generated with the AquaMaps methodology by exploiting the technology and the computational resources provided by iMarine. In particular, this map has been produced using the HSPEC Native Range dataset, generated using the AquaMaps NativeRange 2050 algorithm. Hosted on the D4Science Thredds CataSystem.out.println: http://thredds.d4science.org",1901-01-01T00:0000-01:00,2099-12-31T23:59:59-01:00,Result Product Revision Identifier e68a6104-e0d3-463d-8a2f-58db40342f7e,2017-11-26T13:33:02.980233,Classification,FullLinkEntity,Measurement,LinkEntityWithProvisionOrderIPR,Classification,2099-12-31T23:59:59-01:00,e68a6104-e0d3-463d-8a2f-58db40342f7e,ElectronicAddress,Product,Classification,FederatedIdentifier,http://www.vre4eic.com/ckancerif/resultProductRevisionIdentifier/e68a6104-e0d3-463d-8a2f-58db40342f7e,http://www.vre4eic.com/ckancerif/creatorIdentifier/ebc02b4a-f774-4e7e-afe1-d52ab93126de,SimpleLinkEntity
1901-01-01T00:0000-01:00,FullLinkEntity,OrganisationUnit,Classification,2099-12-31T23:59:59-01:00,Amblyglyphidodon ternatensis,1901-01-01T00:0000-01:00,Result Product 9efda1c1-943e-4858-8159-be2d1de74b02,FederatedIdentifier,2099-12-31T23:59:59-01:00,"This Amblyglyphidodon ternatensis Species Distribution Map has been generated with the AquaMaps methodology by exploiting the technology and the computational resources provided by iMarine. In particular, this map has been produced using the Default Suitable maps_SuitableRange dataset, generated using AquaMaps SuitableRange algorithm.",1901-01-01T00:0000-01:00,2099-12-31T23:59:59-01:00,Result Product Revision Identifier 2dba4f41-8bdd-4091-9413-9e3da5ee73e9,2017-11-24T23:31:27.648035,Classification,FullLinkEntity,Measurement,FullLinkEntity,Classification,2099-12-31T23:59:59-01:00,2dba4f41-8bdd-4091-9413-9e3da5ee73e9,PersonName,Product,Classification,string,http://www.vre4eic.com/ckancerif/resultProductRevisionIdentifier/2dba4f41-8bdd-4091-9413-9e3da5ee73e9,http://www.vre4eic.com/ckancerif/resultPublicationIdentifier/null,SimpleLinkEntity
1901-01-01T00:0000-01:00,SimpleLinkEntity,OrganisationUnit,Classification,2099-12-31T23:59:59-01:00,acropora humilis Aquamaps Native 2050 Raster,1901-01-01T00:0000-01:00,Result Product 822a8a0b-4381-4ba7-8418-6cd502dff5f4,FederatedIdentifier,2099-12-31T23:59:59-01:00,"This acropora humilis Species Distribution Map for 2050 has been generated with the AquaMaps methodology by exploiting the technology and the computational resources provided by iMarine. In particular, this map has been produced using the HSPEC Native Range dataset, generated using the AquaMaps NativeRange 2050 algorithm. Hosted on the D4Science Thredds CataSystem.out.println: http://thredds.d4science.org",1901-01-01T00:0000-01:00,2099-12-31T23:59:59-01:00,Result Product Revision Identifier 0a795e56-44d1-403b-857b-ffba7d59f12a,2017-11-28T21:30:26.344047,Classification,FullLinkEntity,Medium,FullLinkEntity,Classification,2099-12-31T23:59:59-01:00,0a795e56-44d1-403b-857b-ffba7d59f12a,ElectronicAddress,Product,Classification,string,http://www.vre4eic.com/ckancerif/resultProductRevisionIdentifier/0a795e56-44d1-403b-857b-ffba7d59f12a,http://www.vre4eic.com/ckancerif/resultPublicationIdentifier/null,SimpleLinkEntity
1901-01-01T00:0000-01:00,FullLinkEntity,Person,Classification,2099-12-31T23:59:59-01:00,Ancylopsetta cycloidea,1901-01-01T00:0000-01:00,Result Product 3fd595c6-0363-4013-a7f3-14140c067b0e,,,"This Ancylopsetta cycloidea Species Distribution Map has been generated with the AquaMaps methodology by exploiting the technology and the computational resources provided by iMarine.In particular, this map has been produced using the HSPEC Native Range dataset, generated using AquaMaps NativeRange algorithm.",1901-01-01T00:0000-01:00,2099-12-31T23:59:59-01:00,Result Product Identifier 3fd595c6-0363-4013-a7f3-14140c067b0e,,,FullLinkEntity,Measurement,LinkEntityWithProvisionOrderIPR,Classification,2099-12-31T23:59:59-01:00,3fd595c6-0363-4013-a7f3-14140c067b0e,ElectronicAddress,Product,Classification,string,http://www.vre4eic.com/ckancerif/resultProductIdentifier/3fd595c6-0363-4013-a7f3-14140c067b0e,,
1901-01-01T00:0000-01:00,FullLinkEntity,Publication,Classification,2099-12-31T23:59:59-01:00,Ablennes hians,1901-01-01T00:0000-01:00,Result Product be322cea-4dd5-41ef-9e01-ab111b7a0d98,,,"This Ablennes hians Species Distribution Map has been generated with the AquaMaps methodology by exploiting the technology and the computational resources provided by iMarine. In particular, this map has been produced using the Default Suitable 2050 maps_SuitableRange2050 dataset, generated using AquaMaps SuitableRange2050 algorithm.",1901-01-01T00:0000-01:00,2099-12-31T23:59:59-01:00,Result Product Name ablennes-hians2,,,FullLinkEntity,Measurement,FullLinkEntity,Classification,2099-12-31T23:59:59-01:00,ablennes-hians2,PersonName,Product,Classification,FederatedIdentifier,http://www.vre4eic.com/ckancerif/resultProductName/ablennes-hians2,,
1901-01-01T00:0000-01:00,FullLinkEntity,Person,Classification,2099-12-31T23:59:59-01:00,Anacanthus barbatus,1901-01-01T00:0000-01:00,Result Product bd3e16cb-b9ad-4b9b-8cb8-7b29db141c0e,,,"This Anacanthus barbatus Species Distribution Map has been generated with the AquaMaps methodology by exploiting the technology and the computational resources provided by iMarine. In particular, this map has been produced using the Default Suitable maps_SuitableRange dataset, generated using AquaMaps SuitableRange algorithm.",1901-01-01T00:0000-01:00,2099-12-31T23:59:59-01:00,Result Product Identifier bd3e16cb-b9ad-4b9b-8cb8-7b29db141c0e,,,FullLinkEntity,Measurement,LinkEntityWithProvisionOrderIPR,Classification,2099-12-31T23:59:59-01:00,bd3e16cb-b9ad-4b9b-8cb8-7b29db141c0e,ElectronicAddress,Product,Classification,FederatedIdentifier,http://www.vre4eic.com/ckancerif/resultProductIdentifier/bd3e16cb-b9ad-4b9b-8cb8-7b29db141c0e,,
1901-01-01T00:0000-01:00,FullLinkEntity,Person,Classification,2099-12-31T23:59:59-01:00,Anguilla megastoma,1901-01-01T00:0000-01:00,Result Product ca1f9a13-2b8f-4bb5-aff2-88f523e2e79c,,,"This Anguilla megastoma Species Distribution Map has been generated with the AquaMaps methodology by exploiting the technology and the computational resources provided by iMarine. In particular, this map has been produced using the Default Suitable maps_SuitableRange dataset, generated using AquaMaps SuitableRange algorithm.",1901-01-01T00:0000-01:00,2099-12-31T23:59:59-01:00,Result Product Name anguilla-megastoma,,,FullLinkEntity,Measurement,LinkEntityWithProvisionOrderIPR,Classification,2099-12-31T23:59:59-01:00,anguilla-megastoma,PersonName,Product,Classification,string,http://www.vre4eic.com/ckancerif/resultProductName/anguilla-megastoma,,
1901-01-01T00:0000-01:00,SimpleLinkEntity,OrganisationUnit,Classification,2099-12-31T23:59:59-01:00,Adagnesia Charcoti Aquamaps Native Raster,1901-01-01T00:0000-01:00,Result Product 06494b0b-b7b3-442b-9a2f-b78f8ae42afb,,,"This Adagnesia Charcoti Species Distribution Map has been generated with the AquaMaps methodology by exploiting the technology and the computational resources provided by iMarine. In particular, this map has been produced using the HSPEC Native Range dataset, generated using the AquaMaps NativeRange algorithm. Hosted on the D4Science Thredds CataSystem.out.println: http://thredds.d4science.org",1901-01-01T00:0000-01:00,2099-12-31T23:59:59-01:00,Result Product Revision Identifier 923dffea-532f-4bec-950d-17b8101e3e86,,,FullLinkEntity,Measurement,FullLinkEntity,Classification,2099-12-31T23:59:59-01:00,923dffea-532f-4bec-950d-17b8101e3e86,PersonName,Product,Classification,string,http://www.vre4eic.com/ckancerif/resultProductRevisionIdentifier/923dffea-532f-4bec-950d-17b8101e3e86,,
1901-01-01T00:0000-01:00,FullLinkEntity,OrganisationUnit,Classification,2099-12-31T23:59:59-01:00,Acanthemblemaria hancocki,1901-01-01T00:0000-01:00,Result Product cfeebc46-8254-4f08-a497-eba885749485,,,"This Acanthemblemaria hancocki Species Distribution Map has been generated with the AquaMaps methodology by exploiting the technology and the computational resources provided by iMarine. In particular, this map has been produced using the Default Suitable 2050 maps_SuitableRange2050 dataset, generated using AquaMaps SuitableRange2050 algorithm.",1901-01-01T00:0000-01:00,2099-12-31T23:59:59-01:00,Result Product Revision Identifier ec8ef5f8-a734-4e9d-9058-c8c37f72d054,,,FullLinkEntity,Measurement,FullLinkEntity,Classification,2099-12-31T23:59:59-01:00,ec8ef5f8-a734-4e9d-9058-c8c37f72d054,PersonName,Product,Classification,FederatedIdentifier,http://www.vre4eic.com/ckancerif/resultProductRevisionIdentifier/ec8ef5f8-a734-4e9d-9058-c8c37f72d054,,
1901-01-01T00:0000-01:00,FullLinkEntity,Person,Classification,2099-12-31T23:59:59-01:00,Amblygobius nocturnus,1901-01-01T00:0000-01:00,Result Product 0f80e4a1-b09e-4b95-89d2-27224a09331a,,,"This Amblygobius nocturnus Species Distribution Map has been generated with the AquaMaps methodology by exploiting the technology and the computational resources provided by iMarine. In particular, this map has been produced using the Default Suitable 2050 maps_SuitableRange2050 dataset, generated using AquaMaps SuitableRange2050 algorithm.",,,Result Product Revision Identifier 10109059-dc31-4a8c-a06b-95c1a760f5a8,,,,Measurement,LinkEntityWithProvisionOrderIPR,Classification,2099-12-31T23:59:59-01:00,10109059-dc31-4a8c-a06b-95c1a760f5a8,,Product,,FederatedIdentifier,http://www.vre4eic.com/ckancerif/resultProductRevisionIdentifier/10109059-dc31-4a8c-a06b-95c1a760f5a8,,
1901-01-01T00:0000-01:00,SimpleLinkEntity,Person,Classification,2099-12-31T23:59:59-01:00,Acetes americanus,,Result Product f5572525-1c4a-4c1f-8d11-acaccd1a8dfa,,,"This Acetes americanus Species Distribution Map has been generated with the AquaMaps methodology by exploiting the technology and the computational resources provided by iMarine. In particular, this map has been produced using the Default Suitable maps_SuitableRange dataset, generated using AquaMaps SuitableRange algorithm.",,,Result Product Name acetes-americanus1,,,,Measurement,LinkEntityWithProvisionOrderIPR,Classification,,acetes-americanus1,,Product,,FederatedIdentifier,http://www.vre4eic.com/ckancerif/resultProductName/acetes-americanus1,,
1901-01-01T00:0000-01:00,FullLinkEntity,Publication,Classification,2099-12-31T23:59:59-01:00,Aluterus scriptus,,Result Product 5dec106d-558c-4d7c-bd85-4645fa9e50da,,,"This Aluterus scriptus Species Distribution Map has been generated with the AquaMaps methodology by exploiting the technology and the computational resources provided by iMarine. In particular, this map has been produced using the HSPEC 2050 Native Range dataset, generated using AquaMaps NativeRange2050 algorithm.",,,Result Product Identifier 5dec106d-558c-4d7c-bd85-4645fa9e50da,,,,Measurement,FullLinkEntity,Classification,,5dec106d-558c-4d7c-bd85-4645fa9e50da,,Product,,string,http://www.vre4eic.com/ckancerif/resultProductIdentifier/5dec106d-558c-4d7c-bd85-4645fa9e50da,,
1901-01-01T00:0000-01:00,FullLinkEntity,OrganisationUnit,Classification,2099-12-31T23:59:59-01:00,Anguilla mossambica,,Result Product d3d92cbe-85eb-4312-9341-f442f370a693,,,"This Anguilla mossambica Species Distribution Map has been generated with the AquaMaps methodology by exploiting the technology and the computational resources provided by iMarine.In particular, this map has been produced using the HSPEC Native Range dataset, generated using AquaMaps NativeRange algorithm.",,,Result Product Identifier d3d92cbe-85eb-4312-9341-f442f370a693,,,,Measurement,FullLinkEntity,Classification,,d3d92cbe-85eb-4312-9341-f442f370a693,,Product,,string,http://www.vre4eic.com/ckancerif/resultProductIdentifier/d3d92cbe-85eb-4312-9341-f442f370a693,,
1901-01-01T00:0000-01:00,FullLinkEntity,Person,Classification,2099-12-31T23:59:59-01:00,Anarchias seychellensis,,Result Product 3f3dd145-dfb7-4879-a80a-b714817d80c3,,,"This Anarchias seychellensis Species Distribution Map has been generated with the AquaMaps methodology by exploiting the technology and the computational resources provided by iMarine. In particular, this map has been produced using the HSPEC 2050 Native Range dataset, generated using AquaMaps NativeRange2050 algorithm.",,,Result Product Identifier 3f3dd145-dfb7-4879-a80a-b714817d80c3,,,,Measurement,LinkEntityWithProvisionOrderIPR,Classification,,3f3dd145-dfb7-4879-a80a-b714817d80c3,,Product,,string,http://www.vre4eic.com/ckancerif/resultProductIdentifier/3f3dd145-dfb7-4879-a80a-b714817d80c3,,
1901-01-01T00:0000-01:00,FullLinkEntity,Person,Classification,2099-12-31T23:59:59-01:00,albula neoguinaica Aquamaps Native 2050 Raster,,Result Product ae3aed01-08f4-4fa4-abcb-5d04bce46400,,,"This albula neoguinaica Species Distribution Map for 2050 has been generated with the AquaMaps methodology by exploiting the technology and the computational resources provided by iMarine. In particular, this map has been produced using the HSPEC Native Range dataset, generated using the AquaMaps NativeRange 2050 algorithm. Hosted on the D4Science Thredds CataSystem.out.println: http://thredds.d4science.org",,,Result Product Revision Identifier fed7b9a8-4b39-40d3-8a05-8afd0ee63155,,,,Measurement,LinkEntityWithProvisionOrderIPR,Classification,,fed7b9a8-4b39-40d3-8a05-8afd0ee63155,,Product,,FederatedIdentifier,http://www.vre4eic.com/ckancerif/resultProductRevisionIdentifier/fed7b9a8-4b39-40d3-8a05-8afd0ee63155,,
1901-01-01T00:0000-01:00,FullLinkEntity,Person,Classification,2099-12-31T23:59:59-01:00,Alluroteuthis antarcticus,,Result Product d9c8bd48-6ea3-44e4-b996-384aea2fb5a5,,,"This Alluroteuthis antarcticus Species Distribution Map has been generated with the AquaMaps methodology by exploiting the technology and the computational resources provided by iMarine. In particular, this map has been produced using the Default Suitable 2050 maps_SuitableRange2050 dataset, generated using AquaMaps SuitableRange2050 algorithm.",,,Result Product Name alluroteuthis-antarcticus2,,,,Measurement,LinkEntityWithProvisionOrderIPR,Classification,,alluroteuthis-antarcticus2,,Product,,FederatedIdentifier,http://www.vre4eic.com/ckancerif/resultProductName/alluroteuthis-antarcticus2,,
1901-01-01T00:0000-01:00,FullLinkEntity,Person,Classification,2099-12-31T23:59:59-01:00,Acanthacaris caeca,,Result Product b81084fd-1175-42b0-aa1d-b698d1c524b3,,,"This Acanthacaris caeca Species Distribution Map has been generated with the AquaMaps methodology by exploiting the technology and the computational resources provided by iMarine. In particular, this map has been produced using the HSPEC 2050 Native Range dataset, generated using AquaMaps NativeRange2050 algorithm.",,,Result Product Identifier b81084fd-1175-42b0-aa1d-b698d1c524b3,,,,Measurement,LinkEntityWithProvisionOrderIPR,Classification,,b81084fd-1175-42b0-aa1d-b698d1c524b3,,Product,,FederatedIdentifier,http://www.vre4eic.com/ckancerif/resultProductIdentifier/b81084fd-1175-42b0-aa1d-b698d1c524b3,,
1901-01-01T00:0000-01:00,FullLinkEntity,Person,Classification,2099-12-31T23:59:59-01:00,Adamussium colbecki,,Result Product afd4e409-6762-4ffe-ab11-e46f37470e2e,,,"This Adamussium colbecki Species Distribution Map has been generated with the AquaMaps methodology by exploiting the technology and the computational resources provided by iMarine. In particular, this map has been produced using the Default Suitable 2050 maps_SuitableRange2050 dataset, generated using AquaMaps SuitableRange2050 algorithm.",,,Result Product Identifier afd4e409-6762-4ffe-ab11-e46f37470e2e,,,,Medium,LinkEntityWithProvisionOrderIPR,Classification,,afd4e409-6762-4ffe-ab11-e46f37470e2e,,Product,,string,http://www.vre4eic.com/ckancerif/resultProductIdentifier/afd4e409-6762-4ffe-ab11-e46f37470e2e,,
1901-01-01T00:0000-01:00,SimpleLinkEntity,OrganisationUnit,Classification,2099-12-31T23:59:59-01:00,Americhelidium americanum,,Result Product 1e6838d9-20e9-4997-a388-4f75d6a7d2ab,,,"This Americhelidium americanum Species Distribution Map has been generated with the AquaMaps methodology by exploiting the technology and the computational resources provided by iMarine. In particular, this map has been produced using the HSPEC 2050 Native Range dataset, generated using AquaMaps NativeRange2050 algorithm.",,,Result Product Identifier 1e6838d9-20e9-4997-a388-4f75d6a7d2ab,,,,Measurement,FullLinkEntity,Classification,,1e6838d9-20e9-4997-a388-4f75d6a7d2ab,,Product,,string,http://www.vre4eic.com/ckancerif/resultProductIdentifier/1e6838d9-20e9-4997-a388-4f75d6a7d2ab,,
1901-01-01T00:0000-01:00,FullLinkEntity,Person,Classification,2099-12-31T23:59:59-01:00,Alpheus paralcyone,,Result Product 5f6207fa-6a82-43f4-abb3-0accb3cd80ef,,,"This Alpheus paralcyone Species Distribution Map has been generated with the AquaMaps methodology by exploiting the technology and the computational resources provided by iMarine. In particular, this map has been produced using the HSPEC 2050 Native Range dataset, generated using AquaMaps NativeRange2050 algorithm.",,,Result Product Revision Identifier 21850918-aac1-467e-b75c-7a4b1e0c5b1c,,,,Measurement,LinkEntityWithProvisionOrderIPR,Classification,,21850918-aac1-467e-b75c-7a4b1e0c5b1c,,Product,,FederatedIdentifier,http://www.vre4eic.com/ckancerif/resultProductRevisionIdentifier/21850918-aac1-467e-b75c-7a4b1e0c5b1c,,
1901-01-01T00:0000-01:00,SimpleLinkEntity,Person,Classification,2099-12-31T23:59:59-01:00,anguilla anguilla Aquamaps Native 2050 Raster,,Result Product ecccb3a0-8f53-4890-9197-840f7f4b6351,,,"This anguilla anguilla Species Distribution Map for 2050 has been generated with the AquaMaps methodology by exploiting the technology and the computational resources provided by iMarine. In particular, this map has been produced using the HSPEC Native Range dataset, generated using the AquaMaps NativeRange 2050 algorithm. Hosted on the D4Science Thredds CataSystem.out.println: http://thredds.d4science.org",,,Result Product Name anguilla-anguilla-aquamaps-native-2050-raster,,,,Measurement,LinkEntityWithProvisionOrderIPR,Classification,,anguilla-anguilla-aquamaps-native-2050-raster,,Product,,FederatedIdentifier,http://www.vre4eic.com/ckancerif/resultProductName/anguilla-anguilla-aquamaps-native-2050-raster,,
1901-01-01T00:0000-01:00,FullLinkEntity,OrganisationUnit,Classification,2099-12-31T23:59:59-01:00,alectryonella plicatula Aquamaps Native 2050 Raster,,Result Product 64f3edf1-2866-4e4e-8e27-8e32c67e295d,,,"This alectryonella plicatula Species Distribution Map for 2050 has been generated with the AquaMaps methodology by exploiting the technology and the computational resources provided by iMarine. In particular, this map has been produced using the HSPEC Native Range dataset, generated using the AquaMaps NativeRange 2050 algorithm. Hosted on the D4Science Thredds CataSystem.out.println: http://thredds.d4science.org",,,Result Product Revision Identifier ea1c2d09-9c38-481b-a630-8d19499d06fc,,,,Measurement,FullLinkEntity,Classification,,ea1c2d09-9c38-481b-a630-8d19499d06fc,,Product,,string,http://www.vre4eic.com/ckancerif/resultProductRevisionIdentifier/ea1c2d09-9c38-481b-a630-8d19499d06fc,,
1901-01-01T00:0000-01:00,FullLinkEntity,Person,Classification,2099-12-31T23:59:59-01:00,Ammothella appendiculata,,Result Product 47661b49-9c23-4259-9569-b23768f23931,,,"This Ammothella appendiculata Species Distribution Map has been generated with the AquaMaps methodology by exploiting the technology and the computational resources provided by iMarine. In particular, this map has been produced using the Default Suitable 2050 maps_SuitableRange2050 dataset, generated using AquaMaps SuitableRange2050 algorithm.",,,Result Product Revision Identifier e0d107e2-f223-4d54-b5d6-0175a8c8189b,,,,Medium,LinkEntityWithProvisionOrderIPR,Classification,,e0d107e2-f223-4d54-b5d6-0175a8c8189b,,Product,,string,http://www.vre4eic.com/ckancerif/resultProductRevisionIdentifier/e0d107e2-f223-4d54-b5d6-0175a8c8189b,,
1901-01-01T00:0000-01:00,SimpleLinkEntity,Person,Classification,2099-12-31T23:59:59-01:00,Adamnestia arachis,,Result Product 37f69f03-f9c1-4273-9290-bcf41d717c87,,,"This Adamnestia arachis Species Distribution Map has been generated with the AquaMaps methodology by exploiting the technology and the computational resources provided by iMarine. In particular, this map has been produced using the HSPEC Native Range dataset, generated using AquaMaps NativeRange algorithm.",,,Result Product Revision Identifier 26061e88-53d1-4e7c-9f1d-18c7b9bc3b21,,,,Measurement,LinkEntityWithProvisionOrderIPR,Classification,,26061e88-53d1-4e7c-9f1d-18c7b9bc3b21,,Product,,string,http://www.vre4eic.com/ckancerif/resultProductRevisionIdentifier/26061e88-53d1-4e7c-9f1d-18c7b9bc3b21,,
1901-01-01T00:0000-01:00,SimpleLinkEntity,Person,Classification,2099-12-31T23:59:59-01:00,Alpheus bidens,,Result Product 6194f2f7-3ba8-43dd-be2e-4e8c73bb1e2c,,,"This Alpheus bidens Species Distribution Map has been generated with the AquaMaps methodology by exploiting the technology and the computational resources provided by iMarine. In particular, this map has been produced using the Default Suitable 2050 maps_SuitableRange2050 dataset, generated using AquaMaps SuitableRange2050 algorithm.",,,Result Product Name alpheus-bidens2,,,,Measurement,LinkEntityWithProvisionOrderIPR,Classification,,alpheus-bidens2,,Product,,string,http://www.vre4eic.com/ckancerif/resultProductName/alpheus-bidens2,,
1901-01-01T00:0000-01:00,FullLinkEntity,Person,Classification,2099-12-31T23:59:59-01:00,Ammodytoides gilli,,Result Product 39e7f36c-d0cd-411a-9e71-6c3340bdf441,,,"This Ammodytoides gilli Species Distribution Map has been generated with the AquaMaps methodology by exploiting the technology and the computational resources provided by iMarine. In particular, this map has been produced using the HSPEC 2050 Native Range dataset, generated using AquaMaps NativeRange2050 algorithm.",,,Result Product Identifier 39e7f36c-d0cd-411a-9e71-6c3340bdf441,,,,Measurement,LinkEntityWithProvisionOrderIPR,Classification,,39e7f36c-d0cd-411a-9e71-6c3340bdf441,,Product,,string,http://www.vre4eic.com/ckancerif/resultProductIdentifier/39e7f36c-d0cd-411a-9e71-6c3340bdf441,,
1901-01-01T00:0000-01:00,SimpleLinkEntity,Person,Classification,2099-12-31T23:59:59-01:00,Alosa fallax,,Result Product 1118756a-4353-4c8d-afe0-349a402b547c,,,"This Alosa fallax Species Distribution Map has been generated with the AquaMaps methodology by exploiting the technology and the computational resources provided by iMarine. In particular, this map has been produced using the Default Suitable maps_SuitableRange dataset, generated using AquaMaps SuitableRange algorithm.",,,Result Product Revision Identifier 50c9c3cb-2629-4170-a2f3-372fab848cc1,,,,Measurement,LinkEntityWithProvisionOrderIPR,Classification,,50c9c3cb-2629-4170-a2f3-372fab848cc1,,Product,,string,http://www.vre4eic.com/ckancerif/resultProductRevisionIdentifier/50c9c3cb-2629-4170-a2f3-372fab848cc1,,
1901-01-01T00:0000-01:00,FullLinkEntity,OrganisationUnit,Classification,2099-12-31T23:59:59-01:00,Abudefduf Concolor Aquamaps Native Raster,,Result Product e00b748a-cc2a-4c90-8c1e-09d7c03b0a45,,,"This Abudefduf Concolor Species Distribution Map has been generated with the AquaMaps methodology by exploiting the technology and the computational resources provided by iMarine. In particular, this map has been produced using the HSPEC Native Range dataset, generated using the AquaMaps NativeRange algorithm. Hosted on the D4Science Thredds CataSystem.out.println: http://thredds.d4science.org",,,Result Product Name abudefduf-concolor-aquamaps-native-raster,,,,Measurement,FullLinkEntity,Classification,,abudefduf-concolor-aquamaps-native-raster,,Product,,FederatedIdentifier,http://www.vre4eic.com/ckancerif/resultProductName/abudefduf-concolor-aquamaps-native-raster,,
2017-11-25T19:17:54.231700,SimpleLinkEntity,Person,string,2099-12-31T23:59:59-01:00,Achirus scutum,,Result Product b9550f1f-ce2a-4bd4-89e3-a57ce4f73110,,,"This Achirus scutum Species Distribution Map has been generated with the AquaMaps methodology by exploiting the technology and the computational resources provided by iMarine. In particular, this map has been produced using the HSPEC 2050 Native Range dataset, generated using AquaMaps NativeRange2050 algorithm.",,,Result Product Identifier b9550f1f-ce2a-4bd4-89e3-a57ce4f73110,,,,Measurement,LinkEntityWithProvisionOrderIPR,Classification,,b9550f1f-ce2a-4bd4-89e3-a57ce4f73110,,Product,,string,http://www.vre4eic.com/ckancerif/resultProductIdentifier/b9550f1f-ce2a-4bd4-89e3-a57ce4f73110,,
1901-01-01T00:0000-01:00,FullLinkEntity,Publication,Classification,2099-12-31T23:59:59-01:00,Abactochromis labrosus,,Result Product a1000b6c-1413-412f-8d20-6acf01f6415f,,,"This Abactochromis labrosus Species Distribution Map has been generated with the AquaMaps methodology by exploiting the technology and the computational resources provided by iMarine. In particular, this map has been produced using the Freshwater native dataset, generated using AquaMaps NativeRange algorithm.",,,Result Product Identifier a1000b6c-1413-412f-8d20-6acf01f6415f,,,,Measurement,FullLinkEntity,Classification,,a1000b6c-1413-412f-8d20-6acf01f6415f,,Product,,FederatedIdentifier,http://www.vre4eic.com/ckancerif/resultProductIdentifier/a1000b6c-1413-412f-8d20-6acf01f6415f,,
1901-01-01T00:0000-01:00,FullLinkEntity,Person,Classification,2099-12-31T23:59:59-01:00,Alepes vari,,Result Product 2996816f-b45b-4bad-b1fa-994d121187aa,,,"This Alepes vari Species Distribution Map has been generated with the AquaMaps methodology by exploiting the technology and the computational resources provided by iMarine. In particular, this map has been produced using the Default Suitable maps_SuitableRange dataset, generated using AquaMaps SuitableRange algorithm.",,,Result Product Name alepes-vari2,,,,Measurement,LinkEntityWithProvisionOrderIPR,Classification,,alepes-vari2,,Product,,string,http://www.vre4eic.com/ckancerif/resultProductName/alepes-vari2,,
1901-01-01T00:0000-01:00,FullLinkEntity,Person,Classification,2099-12-31T23:59:59-01:00,anchoa lamprotaenia Aquamaps Native 2050 Raster,,Result Product 4ab41184-4c0e-4464-819f-ce3807d2d288,,,"This anchoa lamprotaenia Species Distribution Map for 2050 has been generated with the AquaMaps methodology by exploiting the technology and the computational resources provided by iMarine. In particular, this map has been produced using the HSPEC Native Range dataset, generated using the AquaMaps NativeRange 2050 algorithm. Hosted on the D4Science Thredds CataSystem.out.println: http://thredds.d4science.org",,,Result Product Identifier 4ab41184-4c0e-4464-819f-ce3807d2d288,,,,Measurement,LinkEntityWithProvisionOrderIPR,Classification,,4ab41184-4c0e-4464-819f-ce3807d2d288,,Product,,string,http://www.vre4eic.com/ckancerif/resultProductIdentifier/4ab41184-4c0e-4464-819f-ce3807d2d288,,
1901-01-01T00:0000-01:00,SimpleLinkEntity,Person,Classification,2099-12-31T23:59:59-01:00,Amniataba Caudavittata Aquamaps Native Raster,,Result Product 0cefd061-3ed8-4098-b4da-f2afe781a6f1,,,"This Amniataba Caudavittata Species Distribution Map has been generated with the AquaMaps methodology by exploiting the technology and the computational resources provided by iMarine. In particular, this map has been produced using the HSPEC Native Range dataset, generated using the AquaMaps NativeRange algorithm. Hosted on the D4Science Thredds CataSystem.out.println: http://thredds.d4science.org",,,Result Product Name amniataba-caudavittata-aquamaps-native-raster,,,,Measurement,LinkEntityWithProvisionOrderIPR,Classification,,amniataba-caudavittata-aquamaps-native-raster,,Product,,string,http://www.vre4eic.com/ckancerif/resultProductName/amniataba-caudavittata-aquamaps-native-raster,,
1901-01-01T00:0000-01:00,FullLinkEntity,OrganisationUnit,Classification,2099-12-31T23:59:59-01:00,ampelisca spinipes Aquamaps Native 2050 Raster,,Result Product eba076f8-f9c1-4f9a-b654-de0397149520,,,"This ampelisca spinipes Species Distribution Map for 2050 has been generated with the AquaMaps methodology by exploiting the technology and the computational resources provided by iMarine. In particular, this map has been produced using the HSPEC Native Range dataset, generated using the AquaMaps NativeRange 2050 algorithm. Hosted on the D4Science Thredds CataSystem.out.println: http://thredds.d4science.org",,,Result Product Name ampelisca-spinipes-aquamaps-native-2050-raster,,,,Measurement,FullLinkEntity,Classification,,ampelisca-spinipes-aquamaps-native-2050-raster,,Product,,string,http://www.vre4eic.com/ckancerif/resultProductName/ampelisca-spinipes-aquamaps-native-2050-raster,,
1901-01-01T00:0000-01:00,FullLinkEntity,Person,Classification,2099-12-31T23:59:59-01:00,acanthurus leucosternon Aquamaps Native 2050 Raster,,Result Product b7d1394e-1f46-40a1-ae7e-f973e7901fd6,,,"This acanthurus leucosternon Species Distribution Map for 2050 has been generated with the AquaMaps methodology by exploiting the technology and the computational resources provided by iMarine. In particular, this map has been produced using the HSPEC Native Range dataset, generated using the AquaMaps NativeRange 2050 algorithm. Hosted on the D4Science Thredds CataSystem.out.println: http://thredds.d4science.org",,,Result Product Revision Identifier 441a3ef9-0b7f-455e-a8b1-732f23a8d6cb,,,,Measurement,LinkEntityWithProvisionOrderIPR,Classification,,441a3ef9-0b7f-455e-a8b1-732f23a8d6cb,,Product,,string,http://www.vre4eic.com/ckancerif/resultProductRevisionIdentifier/441a3ef9-0b7f-455e-a8b1-732f23a8d6cb,,
1901-01-01T00:0000-01:00,SimpleLinkEntity,Publication,Classification,2099-12-31T23:59:59-01:00,Acanthacaris caeca,,Result Product ce2c7719-4531-4673-a9ad-2e7b32586ce1,,,"This Acanthacaris caeca Species Distribution Map has been generated with the AquaMaps methodology by exploiting the technology and the computational resources provided by iMarine. In particular, this map has been produced using the Default Suitable maps_SuitableRange dataset, generated using AquaMaps SuitableRange algorithm.",,,Result Product Identifier ce2c7719-4531-4673-a9ad-2e7b32586ce1,,,,Measurement,FullLinkEntity,Classification,,ce2c7719-4531-4673-a9ad-2e7b32586ce1,,Product,,FederatedIdentifier,http://www.vre4eic.com/ckancerif/resultProductIdentifier/ce2c7719-4531-4673-a9ad-2e7b32586ce1,,
1901-01-01T00:0000-01:00,FullLinkEntity,Person,Classification,2099-12-31T23:59:59-01:00,Alpheus alcyone,,Result Product f85f01db-cf4a-4714-aa7b-310307bb5c29,,,"This Alpheus alcyone Species Distribution Map has been generated with the AquaMaps methodology by exploiting the technology and the computational resources provided by iMarine. In particular, this map has been produced using the Default Suitable maps_SuitableRange dataset, generated using AquaMaps SuitableRange algorithm.",,,Result Product Identifier f85f01db-cf4a-4714-aa7b-310307bb5c29,,,,Measurement,LinkEntityWithProvisionOrderIPR,Classification,,f85f01db-cf4a-4714-aa7b-310307bb5c29,,Product,,FederatedIdentifier,http://www.vre4eic.com/ckancerif/resultProductIdentifier/f85f01db-cf4a-4714-aa7b-310307bb5c29,,
1901-01-01T00:0000-01:00,FullLinkEntity,Person,Classification,2099-12-31T23:59:59-01:00,Anguilla Marmorata Aquamaps Native Raster,,Result Product 074a9a95-0ef5-436d-bf04-0f39cc29fa41,,,"This Anguilla Marmorata Species Distribution Map has been generated with the AquaMaps methodology by exploiting the technology and the computational resources provided by iMarine. In particular, this map has been produced using the HSPEC Native Range dataset, generated using the AquaMaps NativeRange algorithm. Hosted on the D4Science Thredds CataSystem.out.println: http://thredds.d4science.org",,,Result Product Name anguilla-marmorata-aquamaps-native-raster,,,,Measurement,LinkEntityWithProvisionOrderIPR,Classification,,anguilla-marmorata-aquamaps-native-raster,,Product,,FederatedIdentifier,http://www.vre4eic.com/ckancerif/resultProductName/anguilla-marmorata-aquamaps-native-raster,,
1901-01-01T00:0000-01:00,FullLinkEntity,Person,Classification,2099-12-31T23:59:59-01:00,Acanthostracion quadricornis,,Result Product 23377134-79da-4058-b9f5-f8719e695791,,,"This Acanthostracion quadricornis Species Distribution Map has been generated with the AquaMaps methodology by exploiting the technology and the computational resources provided by iMarine. In particular, this map has been produced using the HSPEC Native Range dataset, generated using AquaMaps NativeRange algorithm.",,,Result Product Revision Identifier 24aea7dd-553f-478c-bb90-3257ccc87d1a,,,,,LinkEntityWithProvisionOrderIPR,Classification,,24aea7dd-553f-478c-bb90-3257ccc87d1a,,Product,,string,http://www.vre4eic.com/ckancerif/resultProductRevisionIdentifier/24aea7dd-553f-478c-bb90-3257ccc87d1a,,
1901-01-01T00:0000-01:00,SimpleLinkEntity,Publication,Classification,2099-12-31T23:59:59-01:00,Alcockia rostrata,,Result Product 53f2091d-d0f2-48e3-9aa2-486378e57c1e,,,"This Alcockia rostrata Species Distribution Map has been generated with the AquaMaps methodology by exploiting the technology and the computational resources provided by iMarine. In particular, this map has been produced using the HSPEC 2050 Native Range dataset, generated using AquaMaps NativeRange2050 algorithm.",,,Result Product Name alcockia-rostrata,,,,,FullLinkEntity,Classification,,alcockia-rostrata,,Product,,FederatedIdentifier,http://www.vre4eic.com/ckancerif/resultProductName/alcockia-rostrata,,
1901-01-01T00:0000-01:00,SimpleLinkEntity,Publication,Classification,2099-12-31T23:59:59-01:00,amblyeleotris gymnocephala Aquamaps Native 2050 Raster,,Result Product cc6008e4-d4eb-49d1-96f7-d91734d7b18a,,,"This amblyeleotris gymnocephala Species Distribution Map for 2050 has been generated with the AquaMaps methodology by exploiting the technology and the computational resources provided by iMarine. In particular, this map has been produced using the HSPEC Native Range dataset, generated using the AquaMaps NativeRange 2050 algorithm. Hosted on the D4Science Thredds CataSystem.out.println: http://thredds.d4science.org",,,Result Product Identifier cc6008e4-d4eb-49d1-96f7-d91734d7b18a,,,,,FullLinkEntity,Classification,,cc6008e4-d4eb-49d1-96f7-d91734d7b18a,,Product,,FederatedIdentifier,http://www.vre4eic.com/ckancerif/resultProductIdentifier/cc6008e4-d4eb-49d1-96f7-d91734d7b18a,,
1901-01-01T00:0000-01:00,FullLinkEntity,Person,Classification,2099-12-31T23:59:59-01:00,Alepocephalus bairdii,,Result Product c1d00466-de9a-40c7-a0d0-2642cc66c9b9,,,"This Alepocephalus bairdii Species Distribution Map has been generated with the AquaMaps methodology by exploiting the technology and the computational resources provided by iMarine. In particular, this map has been produced using the Default Suitable 2050 maps_SuitableRange2050 dataset, generated using AquaMaps SuitableRange2050 algorithm.",,,Result Product Identifier c1d00466-de9a-40c7-a0d0-2642cc66c9b9,,,,,LinkEntityWithProvisionOrderIPR,Classification,,c1d00466-de9a-40c7-a0d0-2642cc66c9b9,,Product,,FederatedIdentifier,http://www.vre4eic.com/ckancerif/resultProductIdentifier/c1d00466-de9a-40c7-a0d0-2642cc66c9b9,,
1901-01-01T00:0000-01:00,FullLinkEntity,OrganisationUnit,Classification,2099-12-31T23:59:59-01:00,Alepisaurus Brevirostris Aquamaps Native Raster,,Result Product 4a959b73-8626-4ca8-81c3-bb65097bc18a,,,"This Alepisaurus Brevirostris Species Distribution Map has been generated with the AquaMaps methodology by exploiting the technology and the computational resources provided by iMarine. In particular, this map has been produced using the HSPEC Native Range dataset, generated using the AquaMaps NativeRange algorithm. Hosted on the D4Science Thredds CataSystem.out.println: http://thredds.d4science.org",,,Result Product Name alepisaurus-brevirostris-aquamaps-native-raster,,,,,FullLinkEntity,Classification,,alepisaurus-brevirostris-aquamaps-native-raster,,Product,,FederatedIdentifier,http://www.vre4eic.com/ckancerif/resultProductName/alepisaurus-brevirostris-aquamaps-native-raster,,
1901-01-01T00:0000-01:00,FullLinkEntity,Publication,Classification,2099-12-31T23:59:59-01:00,anguilla celebesensis Aquamaps Native 2050 Raster,,Result Product 2956f268-1d27-4956-8507-85a6522cd11b,,,"This anguilla celebesensis Species Distribution Map for 2050 has been generated with the AquaMaps methodology by exploiting the technology and the computational resources provided by iMarine. In particular, this map has been produced using the HSPEC Native Range dataset, generated using the AquaMaps NativeRange 2050 algorithm. Hosted on the D4Science Thredds CataSystem.out.println: http://thredds.d4science.org",,,Result Product Identifier 2956f268-1d27-4956-8507-85a6522cd11b,,,,,FullLinkEntity,Classification,,2956f268-1d27-4956-8507-85a6522cd11b,,Product,,string,http://www.vre4eic.com/ckancerif/resultProductIdentifier/2956f268-1d27-4956-8507-85a6522cd11b,,
1901-01-01T00:0000-01:00,SimpleLinkEntity,OrganisationUnit,Classification,2099-12-31T23:59:59-01:00,Anchoa Lyolepis Aquamaps Native Raster,,Result Product 36c669ac-2a56-4271-a87c-1d5e670b7b30,,,"This Anchoa Lyolepis Species Distribution Map has been generated with the AquaMaps methodology by exploiting the technology and the computational resources provided by iMarine. In particular, this map has been produced using the HSPEC Native Range dataset, generated using the AquaMaps NativeRange algorithm. Hosted on the D4Science Thredds CataSystem.out.println: http://thredds.d4science.org",,,Result Product Revision Identifier 97b0ddba-71b3-4729-9f3e-7415d27f9fdd,,,,,FullLinkEntity,Classification,,97b0ddba-71b3-4729-9f3e-7415d27f9fdd,,Product,,string,http://www.vre4eic.com/ckancerif/resultProductRevisionIdentifier/97b0ddba-71b3-4729-9f3e-7415d27f9fdd,,
1901-01-01T00:0000-01:00,FullLinkEntity,Publication,Classification,2099-12-31T23:59:59-01:00,Aculeola Nigra Aquamaps Native Raster,,Result Product dd3cfcf9-2bae-4cdc-a426-2449b371c17a,,,"This Aculeola Nigra Species Distribution Map has been generated with the AquaMaps methodology by exploiting the technology and the computational resources provided by iMarine. In particular, this map has been produced using the HSPEC Native Range dataset, generated using the AquaMaps NativeRange algorithm. Hosted on the D4Science Thredds CataSystem.out.println: http://thredds.d4science.org",,,Result Product Name aculeola-nigra-aquamaps-native-raster,,,,,FullLinkEntity,Classification,,aculeola-nigra-aquamaps-native-raster,,Product,,FederatedIdentifier,http://www.vre4eic.com/ckancerif/resultProductName/aculeola-nigra-aquamaps-native-raster,,
1901-01-01T00:0000-01:00,FullLinkEntity,Publication,Classification,2099-12-31T23:59:59-01:00,Amphiarius rugispinis,,Result Product 412a809e-8e7f-4560-a9cc-0a2f724c2469,,,"This Amphiarius rugispinis Species Distribution Map has been generated with the AquaMaps methodology by exploiting the technology and the computational resources provided by iMarine. In particular, this map has been produced using the HSPEC 2050 Native Range dataset, generated using AquaMaps NativeRange2050 algorithm.",,,Result Product Identifier 412a809e-8e7f-4560-a9cc-0a2f724c2469,,,,,FullLinkEntity,Classification,,412a809e-8e7f-4560-a9cc-0a2f724c2469,,Product,,string,http://www.vre4eic.com/ckancerif/resultProductIdentifier/412a809e-8e7f-4560-a9cc-0a2f724c2469,,
1901-01-01T00:0000-01:00,FullLinkEntity,Person,Classification,2099-12-31T23:59:59-01:00,Achirus scutum,,Result Product 43663b55-9558-425c-85ba-8ccfe3c1f0d1,,,"This Achirus scutum Species Distribution Map has been generated with the AquaMaps methodology by exploiting the technology and the computational resources provided by iMarine. In particular, this map has been produced using the HSPEC Native Range dataset, generated using AquaMaps NativeRange algorithm.",,,Result Product Revision Identifier e957292c-d9ea-41aa-96de-c539090b81aa,,,,,LinkEntityWithProvisionOrderIPR,Classification,,e957292c-d9ea-41aa-96de-c539090b81aa,,Product,,FederatedIdentifier,http://www.vre4eic.com/ckancerif/resultProductRevisionIdentifier/e957292c-d9ea-41aa-96de-c539090b81aa,,
1901-01-01T00:0000-01:00,SimpleLinkEntity,Person,Classification,2099-12-31T23:59:59-01:00,anchoa curta Aquamaps Native 2050 Raster,,Result Product a457827e-9c33-4377-9edb-d115ad8bb949,,,"This anchoa curta Species Distribution Map for 2050 has been generated with the AquaMaps methodology by exploiting the technology and the computational resources provided by iMarine. In particular, this map has been produced using the HSPEC Native Range dataset, generated using the AquaMaps NativeRange 2050 algorithm. Hosted on the D4Science Thredds CataSystem.out.println: http://thredds.d4science.org",,,Result Product Name anchoa-curta-aquamaps-native-2050-raster,,,,,LinkEntityWithProvisionOrderIPR,Classification,,anchoa-curta-aquamaps-native-2050-raster,,Product,,string,http://www.vre4eic.com/ckancerif/resultProductName/anchoa-curta-aquamaps-native-2050-raster,,
1901-01-01T00:0000-01:00,SimpleLinkEntity,Person,Classification,2099-12-31T23:59:59-01:00,ambassis productus Aquamaps Native 2050 Raster,,Result Product 61b84681-25e9-4192-afc9-717a490ae225,,,"This ambassis productus Species Distribution Map for 2050 has been generated with the AquaMaps methodology by exploiting the technology and the computational resources provided by iMarine. In particular, this map has been produced using the HSPEC Native Range dataset, generated using the AquaMaps NativeRange 2050 algorithm. Hosted on the D4Science Thredds CataSystem.out.println: http://thredds.d4science.org",,,Result Product Revision Identifier 5fe5614e-fc7b-4208-bd5c-bb91866029dc,,,,,LinkEntityWithProvisionOrderIPR,Classification,,5fe5614e-fc7b-4208-bd5c-bb91866029dc,,Product,,string,http://www.vre4eic.com/ckancerif/resultProductRevisionIdentifier/5fe5614e-fc7b-4208-bd5c-bb91866029dc,,
1901-01-01T00:0000-01:00,FullLinkEntity,Publication,Classification,2099-12-31T23:59:59-01:00,Acropora hemprichii,,Result Product a3b37bd9-ebac-4486-b5c8-ed3145b79a0f,,,"This Acropora hemprichii Species Distribution Map has been generated with the AquaMaps methodology by exploiting the technology and the computational resources provided by iMarine. In particular, this map has been produced using the HSPEC Native Range dataset, generated using AquaMaps NativeRange algorithm.",,,Result Product Revision Identifier ec421304-7b8b-400e-bb59-684f3c60a362,,,,,FullLinkEntity,Classification,,ec421304-7b8b-400e-bb59-684f3c60a362,,Product,,FederatedIdentifier,http://www.vre4eic.com/ckancerif/resultProductRevisionIdentifier/ec421304-7b8b-400e-bb59-684f3c60a362,,
1901-01-01T00:0000-01:00,FullLinkEntity,Person,Classification,2099-12-31T23:59:59-01:00,Aldrovandia phalacra,,Result Product 2848bd33-118e-4b4b-a236-ca7af939f9cd,,,"This Aldrovandia phalacra Species Distribution Map has been generated with the AquaMaps methodology by exploiting the technology and the computational resources provided by iMarine. In particular, this map has been produced using the Default Suitable 2050 maps_SuitableRange2050 dataset, generated using AquaMaps SuitableRange2050 algorithm.",,,Result Product Revision Identifier 225c7290-c4d3-49e1-8cac-94fc3dbdad3e,,,,,LinkEntityWithProvisionOrderIPR,Classification,,225c7290-c4d3-49e1-8cac-94fc3dbdad3e,,Product,,string,http://www.vre4eic.com/ckancerif/resultProductRevisionIdentifier/225c7290-c4d3-49e1-8cac-94fc3dbdad3e,,
1901-01-01T00:0000-01:00,FullLinkEntity,OrganisationUnit,Classification,2099-12-31T23:59:59-01:00,abudefduf lorenzi Aquamaps Native 2050 Raster,,Result Product 58e4b655-b150-4524-aab9-38f7b5fc046c,,,"This abudefduf lorenzi Species Distribution Map for 2050 has been generated with the AquaMaps methodology by exploiting the technology and the computational resources provided by iMarine. In particular, this map has been produced using the HSPEC Native Range dataset, generated using the AquaMaps NativeRange 2050 algorithm. Hosted on the D4Science Thredds CataSystem.out.println: http://thredds.d4science.org",,,Result Product Identifier 58e4b655-b150-4524-aab9-38f7b5fc046c,,,,,FullLinkEntity,Classification,,58e4b655-b150-4524-aab9-38f7b5fc046c,,Product,,string,http://www.vre4eic.com/ckancerif/resultProductIdentifier/58e4b655-b150-4524-aab9-38f7b5fc046c,,
1901-01-01T00:0000-01:00,SimpleLinkEntity,Person,Classification,2099-12-31T23:59:59-01:00,Amblyglyphidodon leucogaster,,Result Product f523e5bf-cd58-450c-980f-52a6b2ab61a3,,,"This Amblyglyphidodon leucogaster Species Distribution Map has been generated with the AquaMaps methodology by exploiting the technology and the computational resources provided by iMarine. In particular, this map has been produced using the HSPEC Native Range dataset, generated using AquaMaps NativeRange algorithm.",,,Result Product Name amblyglyphidodon-leucogaster3,,,,,LinkEntityWithProvisionOrderIPR,Classification,,amblyglyphidodon-leucogaster3,,Product,,FederatedIdentifier,http://www.vre4eic.com/ckancerif/resultProductName/amblyglyphidodon-leucogaster3,,
1901-01-01T00:0000-01:00,FullLinkEntity,Publication,Classification,2099-12-31T23:59:59-01:00,Ancylopsetta Antillarum Aquamaps Native Raster,,Result Product 5b7eb046-0cea-4523-8aca-5967f5c7715d,,,"This Ancylopsetta Antillarum Species Distribution Map has been generated with the AquaMaps methodology by exploiting the technology and the computational resources provided by iMarine. In particular, this map has been produced using the HSPEC Native Range dataset, generated using the AquaMaps NativeRange algorithm. Hosted on the D4Science Thredds CataSystem.out.println: http://thredds.d4science.org",,,Result Product Identifier 5b7eb046-0cea-4523-8aca-5967f5c7715d,,,,,FullLinkEntity,Classification,,5b7eb046-0cea-4523-8aca-5967f5c7715d,,Product,,string,http://www.vre4eic.com/ckancerif/resultProductIdentifier/5b7eb046-0cea-4523-8aca-5967f5c7715d,,
1901-01-01T00:0000-01:00,FullLinkEntity,Person,Classification,2099-12-31T23:59:59-01:00,Acalyptophis peronii,,Result Product 33841508-e16f-4c9d-a7d1-4fa9897bf685,,,"This Acalyptophis peronii Species Distribution Map has been generated with the AquaMaps methodology by exploiting the technology and the computational resources provided by iMarine. In particular, this map has been produced using the HSPEC Native Range dataset, generated using AquaMaps NativeRange algorithm.",,,Result Product Identifier 33841508-e16f-4c9d-a7d1-4fa9897bf685,,,,,LinkEntityWithProvisionOrderIPR,Classification,,33841508-e16f-4c9d-a7d1-4fa9897bf685,,Product,,string,http://www.vre4eic.com/ckancerif/resultProductIdentifier/33841508-e16f-4c9d-a7d1-4fa9897bf685,,
1901-01-01T00:0000-01:00,FullLinkEntity,Person,Classification,2099-12-31T23:59:59-01:00,Amphiprion akindynos,,Result Product 45cb5bea-0446-438d-b000-04592c40cd2f,,,"This Amphiprion akindynos Species Distribution Map has been generated with the AquaMaps methodology by exploiting the technology and the computational resources provided by iMarine. In particular, this map has been produced using the HSPEC Native Range dataset, generated using AquaMaps NativeRange algorithm.",,,Result Product Revision Identifier a6b517aa-cb00-4ab0-83f6-6e9c02a730f7,,,,,LinkEntityWithProvisionOrderIPR,Classification,,a6b517aa-cb00-4ab0-83f6-6e9c02a730f7,,Product,,string,http://www.vre4eic.com/ckancerif/resultProductRevisionIdentifier/a6b517aa-cb00-4ab0-83f6-6e9c02a730f7,,
1901-01-01T00:0000-01:00,FullLinkEntity,OrganisationUnit,Classification,2099-12-31T23:59:59-01:00,Agaricia undata,,Result Product c868c340-1162-4186-8a76-e6d0df093ea5,,,"This Agaricia undata Species Distribution Map has been generated with the AquaMaps methodology by exploiting the technology and the computational resources provided by iMarine. In particular, this map has been produced using the HSPEC Native Range dataset, generated using AquaMaps NativeRange algorithm.",,,Result Product Identifier c868c340-1162-4186-8a76-e6d0df093ea5,,,,,FullLinkEntity,Classification,,c868c340-1162-4186-8a76-e6d0df093ea5,,Product,,FederatedIdentifier,http://www.vre4eic.com/ckancerif/resultProductIdentifier/c868c340-1162-4186-8a76-e6d0df093ea5,,
1901-01-01T00:0000-01:00,FullLinkEntity,Person,Classification,2099-12-31T23:59:59-01:00,Agonus cataphractus,,Result Product fe31eae7-321c-449f-a16c-c601645327ca,,,"This Agonus cataphractus Species Distribution Map has been generated with the AquaMaps methodology by exploiting the technology and the computational resources provided by iMarine. In particular, this map has been produced using the HSPEC Native Range dataset, generated using AquaMaps NativeRange algorithm.",,,Result Product Revision Identifier 62060f87-8184-40a5-a536-964c3d2537ee,,,,,LinkEntityWithProvisionOrderIPR,Classification,,62060f87-8184-40a5-a536-964c3d2537ee,,Product,,FederatedIdentifier,http://www.vre4eic.com/ckancerif/resultProductRevisionIdentifier/62060f87-8184-40a5-a536-964c3d2537ee,,
1901-01-01T00:0000-01:00,FullLinkEntity,Person,Classification,2099-12-31T23:59:59-01:00,Aglaophamus ornatus,,Result Product 9093cec3-d107-4641-962b-caac8f14ce96,,,"This Aglaophamus ornatus Species Distribution Map has been generated with the AquaMaps methodology by exploiting the technology and the computational resources provided by iMarine. In particular, this map has been produced using the HSPEC Native Range dataset, generated using AquaMaps NativeRange algorithm.",,,Result Product Identifier 9093cec3-d107-4641-962b-caac8f14ce96,,,,,LinkEntityWithProvisionOrderIPR,Classification,,9093cec3-d107-4641-962b-caac8f14ce96,,Product,,string,http://www.vre4eic.com/ckancerif/resultProductIdentifier/9093cec3-d107-4641-962b-caac8f14ce96,,
1901-01-01T00:0000-01:00,FullLinkEntity,Person,Classification,2099-12-31T23:59:59-01:00,Acropora robusta,,Result Product 9389221f-2c63-4cc8-a602-c57c37b542eb,,,"This Acropora robusta Species Distribution Map has been generated with the AquaMaps methodology by exploiting the technology and the computational resources provided by iMarine. In particular, this map has been produced using the Default Suitable 2050 maps_SuitableRange2050 dataset, generated using AquaMaps SuitableRange2050 algorithm.",,,Result Product Name acropora-robusta3,,,,,LinkEntityWithProvisionOrderIPR,Classification,,acropora-robusta3,,Product,,FederatedIdentifier,http://www.vre4eic.com/ckancerif/resultProductName/acropora-robusta3,,
1901-01-01T00:0000-01:00,FullLinkEntity,Publication,Classification,2099-12-31T23:59:59-01:00,Anarhichas lupus,,Result Product d89c7e51-5a89-46f8-b523-caf9d6dee744,,,"This Anarhichas lupus Species Distribution Map has been generated with the AquaMaps methodology by exploiting the technology and the computational resources provided by iMarine. In particular, this map has been produced using the HSPEC 2050 Native Range dataset, generated using AquaMaps NativeRange2050 algorithm.",,,Result Product Identifier d89c7e51-5a89-46f8-b523-caf9d6dee744,,,,,FullLinkEntity,Classification,,d89c7e51-5a89-46f8-b523-caf9d6dee744,,Product,,string,http://www.vre4eic.com/ckancerif/resultProductIdentifier/d89c7e51-5a89-46f8-b523-caf9d6dee744,,
1901-01-01T00:0000-01:00,SimpleLinkEntity,Publication,Classification,2099-12-31T23:59:59-01:00,acentrogobius viridipunctatus Aquamaps Native 2050 Raster,,Result Product 4f284a76-3b6b-4383-ba48-749239cb9f1a,,,"This acentrogobius viridipunctatus Species Distribution Map for 2050 has been generated with the AquaMaps methodology by exploiting the technology and the computational resources provided by iMarine. In particular, this map has been produced using the HSPEC Native Range dataset, generated using the AquaMaps NativeRange 2050 algorithm. Hosted on the D4Science Thredds CataSystem.out.println: http://thredds.d4science.org",,,Result Product Identifier 4f284a76-3b6b-4383-ba48-749239cb9f1a,,,,,FullLinkEntity,Classification,,4f284a76-3b6b-4383-ba48-749239cb9f1a,,Product,,FederatedIdentifier,http://www.vre4eic.com/ckancerif/resultProductIdentifier/4f284a76-3b6b-4383-ba48-749239cb9f1a,,
1901-01-01T00:0000-01:00,FullLinkEntity,OrganisationUnit,Classification,2099-12-31T23:59:59-01:00,Albula forsteri,,Result Product ed86824c-3ac8-48be-98dc-6067e570a752,,,"This Albula forsteri Species Distribution Map has been generated with the AquaMaps methodology by exploiting the technology and the computational resources provided by iMarine. In particular, this map has been produced using the Default Suitable 2050 maps_SuitableRange2050 dataset, generated using AquaMaps SuitableRange2050 algorithm.",,,Result Product Identifier ed86824c-3ac8-48be-98dc-6067e570a752,,,,,FullLinkEntity,Classification,,ed86824c-3ac8-48be-98dc-6067e570a752,,Product,,FederatedIdentifier,http://www.vre4eic.com/ckancerif/resultProductIdentifier/ed86824c-3ac8-48be-98dc-6067e570a752,,
1901-01-01T00:0000-01:00,FullLinkEntity,OrganisationUnit,Classification,2099-12-31T23:59:59-01:00,Actitis hypoleucos,,Result Product e0c07fd4-9c46-48a0-b17c-e5fc9e3c9372,,,"This Actitis hypoleucos Species Distribution Map has been generated with the AquaMaps methodology by exploiting the technology and the computational resources provided by iMarine. In particular, this map has been produced using the Freshwater suitable dataset, generated using AquaMaps SuitableRange algorithm.",,,Result Product Identifier e0c07fd4-9c46-48a0-b17c-e5fc9e3c9372,,,,,FullLinkEntity,Classification,,e0c07fd4-9c46-48a0-b17c-e5fc9e3c9372,,Product,,string,http://www.vre4eic.com/ckancerif/resultProductIdentifier/e0c07fd4-9c46-48a0-b17c-e5fc9e3c9372,,
1901-01-01T00:0000-01:00,FullLinkEntity,Person,Classification,2099-12-31T23:59:59-01:00,Acentrogobius bontii,,Result Product 543b4e01-78d8-4933-be39-8a6b66a9b39a,,,"This Acentrogobius bontii Species Distribution Map has been generated with the AquaMaps methodology by exploiting the technology and the computational resources provided by iMarine. In particular, this map has been produced using the HSPEC Native Range dataset, generated using AquaMaps NativeRange algorithm.",,,Result Product Revision Identifier 7160ede1-9407-46d0-9fc2-b55b475d1722,,,,,LinkEntityWithProvisionOrderIPR,Classification,,7160ede1-9407-46d0-9fc2-b55b475d1722,,Product,,FederatedIdentifier,http://www.vre4eic.com/ckancerif/resultProductRevisionIdentifier/7160ede1-9407-46d0-9fc2-b55b475d1722,,
1901-01-01T00:0000-01:00,FullLinkEntity,Person,Classification,2099-12-31T23:59:59-01:00,Amblyglyphidodon leucogaster,,Result Product af4198a6-8e32-4fe4-9394-8177b5f69eae,,,"This Amblyglyphidodon leucogaster Species Distribution Map has been generated with the AquaMaps methodology by exploiting the technology and the computational resources provided by iMarine. In particular, this map has been produced using the HSPEC 2050 Native Range dataset, generated using AquaMaps NativeRange2050 algorithm.",,,Result Product Name amblyglyphidodon-leucogaster2,,,,,LinkEntityWithProvisionOrderIPR,Classification,,amblyglyphidodon-leucogaster2,,Product,,string,http://www.vre4eic.com/ckancerif/resultProductName/amblyglyphidodon-leucogaster2,,
1901-01-01T00:0000-01:00,FullLinkEntity,OrganisationUnit,Classification,2099-12-31T23:59:59-01:00,Acanthostracion guineensis,,Result Product 18da2658-8f98-4497-90ab-d17b87cfde37,,,"This Acanthostracion guineensis Species Distribution Map has been generated with the AquaMaps methodology by exploiting the technology and the computational resources provided by iMarine. In particular, this map has been produced using the HSPEC 2050 Native Range dataset, generated using AquaMaps NativeRange2050 algorithm.",,,Result Product Revision Identifier 3d657c60-52b3-4166-9943-4f0bfc97dc9e,,,,,FullLinkEntity,Classification,,3d657c60-52b3-4166-9943-4f0bfc97dc9e,,Product,,FederatedIdentifier,http://www.vre4eic.com/ckancerif/resultProductRevisionIdentifier/3d657c60-52b3-4166-9943-4f0bfc97dc9e,,
