has_identifier_has_id_value,unknown,unknown,has_name,unknown,unknown,has_identifier_has_id_value,unknown,unknown,unknown,unknown,unknown,has_name,unknown,unknown
19cf927e-7886-4e07-ac7e-7265e13afcba,172d04b9-eb96-4684-a7e3-0cf40b2b8af4,3504a6ac-6e0a-4f5f-8852-90a377f650cb,SpeciesDistribution,0,OGC:WFS-1.0.0-http-get-feature,034d7e07-37f2-4de0-a0cf-8662392a1fe2,active,WMS link to resource,active,"http://geoserver2.d4science.research-infrastructures.eu/geoserver/wms?service=wms&version=1.1.0&request=GetMap&layers=lambassisurotaenia20130412022514351cest&styles=&bbox=-180,-90,180,90&width=676&height=330&srs=EPSG:4326&crs=EPSG:4326&format=application/openlayers",WMS,Ambassis urotaenia,2017-09-22T01:34:19.226875,False
bebda250-fdab-4fb7-9bfc-613f165885c1,bf9c1fc6-610c-4683-9906-ab38eeb55835,bfeb1b0a-9e34-4b31-8d30-7f37b821b139,SpeciesDistribution,0,OGC:WFS-1.0.0-http-get-feature,1c362bfe-e034-4496-b4d1-66086c5aeffd,active,WMS link to resource,active,"http://geoserver.d4science-ii.research-infrastructures.eu/geoserver/wms?service=wms&version=1.1.0&request=GetMap&layers=lalpheusmacroskeles20121222015456970cet&styles=&bbox=-180,-90,180,90&width=676&height=330&srs=EPSG:4326&crs=EPSG:4326&format=application/openlayers",WMS,7614324,2017-09-21T22:15:10.544594,False
09e57433-8031-453e-9221-bf1fb3dcaf0f,c415fab9-35e8-45df-8790-d087f71698ae,9b1611ce-bd3c-4f7b-b413-d693d617f428,NetCDF,0,OGC:WFS-1.0.0-http-get-feature,ad83cb4c-2b43-42d5-b5b1-cfc8d0c0ab13,active,Unnamed resource,active,http://thredds.d4science.org/thredds/fileServer/public/netcdf/AquamapsNative/aquamaps_native_allomycterus_pilatus.nc,WCS,1dfeedfb-c3f5-417c-aff8-29323cb6e72e,2017-10-13T23:43:27.781589,False
f1dd58c1-1865-41b2-ad45-efb1337879bc,8d4b84ce-c707-4d47-b6d1-9420df34b702,55c98ace-e5c0-4c32-a004-7e7dc812604f,Vachelli s glass perchlet,0,OGC:WFS-1.0.0-http-get-feature,c2b6cb05-eaf5-4251-80c5-a9e384b775a5,active,WMS link to resource,active,"http://geoserver3.d4science.research-infrastructures.eu/geoserver/wms?service=wms&version=1.1.0&request=GetMap&layers=lambassisvachellii20121218094205814cet&styles=&bbox=-180,-90,180,90&width=676&height=330&srs=EPSG:4326&crs=EPSG:4326&format=application/openlayers",WMS,Ambassis vachellii,2017-09-22T01:27:52.278514,False
4162f26d-758b-4c6f-908f-8b70565eeeeb,172d04b9-eb96-4684-a7e3-0cf40b2b8af4,e4fbdde6-b2fb-4399-87a8-71887c00a02f,SpeciesDistribution,0,OGC:WFS-1.0.0-http-get-feature,071c7be6-83f6-4554-96df-572b6c4ad092,active,WMS link to resource,active,"http://geoserver.d4science-ii.research-infrastructures.eu/geoserver/wms?service=wms&version=1.1.0&request=GetMap&layers=lanampsesfemininus20130414005421325cest&styles=&bbox=-180,-90,180,90&width=676&height=330&srs=EPSG:4326&crs=EPSG:4326&format=application/openlayers",WMS,Anampses femininus,2017-09-22T02:31:09.664203,False
03549792-a8b2-4269-b665-c77dbd6dd301,172d04b9-eb96-4684-a7e3-0cf40b2b8af4,e8fae221-0096-45d3-9b6a-f1e9ea3a7e60,Yellowtail clownfish,0,OGC:WFS-1.0.0-http-get-feature,46b1f117-24e8-452f-8458-578b3d02d638,active,WMS link to resource,active,"http://geoserver4.d4science.research-infrastructures.eu/geoserver/wms?service=wms&version=1.1.0&request=GetMap&layers=lamphiprionclarkii20121217233904973cet&styles=&bbox=-180,-90,180,90&width=676&height=330&srs=EPSG:4326&crs=EPSG:4326&format=application/openlayers",WMS,Amphiprion clarkii,2017-09-21T12:39:44.302407,False
89c363c0-2a4e-4ca2-9de4-111ffdc8e4a3,bf9c1fc6-610c-4683-9906-ab38eeb55835,5c156131-d64f-40ee-847d-a056b7fd1b38,Thorny skate,0,OGC:WFS-1.0.0-http-get-feature,4c584d2d-d9e3-439f-b357-f29effb3e2b5,active,WMS link to resource,active,"http://geoserver2.d4science.research-infrastructures.eu/geoserver/wms?service=wms&version=1.1.0&request=GetMap&layers=lamblyrajaradiata20121219191835384cet&styles=&bbox=-180,-90,180,90&width=676&height=330&srs=EPSG:4326&crs=EPSG:4326&format=application/openlayers",WMS,Amblyraja radiata,2017-09-22T04:18:56.538646,False
75c70ac5-74dc-4a7c-b82c-6fb890583e12,c415fab9-35e8-45df-8790-d087f71698ae,13818591-e7de-4f1d-ab68-e7d76c5730e1,Warty prowfish,0,OGC:WFS-1.0.0-http-get-feature,6acd35a3-d4d6-4130-bf88-7d849cd6cc88,active,WMS link to resource,active,"http://geoserver.d4science-ii.research-infrastructures.eu/geoserver/wms?service=wms&version=1.1.0&request=GetMap&layers=laetapcusmaculatus20130413183629956cest&styles=&bbox=-180,-90,180,90&width=676&height=330&srs=EPSG:4326&crs=EPSG:4326&format=application/openlayers",WMS,Aetapcus maculatus,2017-09-21T19:55:31.537225,False
7250e4f5-f696-4ab4-b546-d92b6f07b661,172d04b9-eb96-4684-a7e3-0cf40b2b8af4,ac22e211-f629-4ccf-99c9-53d8b655fc83,SpeciesDistribution,0,OGC:WFS-1.0.0-http-get-feature,13dad061-f600-4cff-9464-9050c475854c,active,WMS link to resource,active,"http://geoserver2.d4science.research-infrastructures.eu/geoserver/wms?service=wms&version=1.1.0&request=GetMap&layers=labudefdufsaxatilis20130410023230383cest&styles=&bbox=-180,-90,180,90&width=676&height=330&srs=EPSG:4326&crs=EPSG:4326&format=application/openlayers",WMS,Abudefduf saxatilis,2017-09-21T22:43:58.492902,False
9085c23f-31ea-4a37-b5be-b95f2b65f23b,c4418477-a9f9-4340-a417-9a16364cc98e,154571f6-e60d-4005-aa2d-dabdfaab9936,SpeciesDistribution,0,OGC:WFS-1.0.0-http-get-feature,d6726eba-2eed-4250-898f-7284c0bf65db,active,WMS link to resource,active,"http://geoserver.d4science-ii.research-infrastructures.eu/geoserver/wms?service=wms&version=1.1.0&request=GetMap&layers=lambassisjacksoniensis20130414083453689cest&styles=&bbox=-180,-90,180,90&width=676&height=330&srs=EPSG:4326&crs=EPSG:4326&format=application/openlayers",WMS,Ambassis jacksoniensis,2017-09-22T15:26:15.317757,False
d06c4150-faa6-4174-823a-eb49453d59d8,c4418477-a9f9-4340-a417-9a16364cc98e,0a2124e2-3037-4a98-b4ca-cc4dccb017ea,Probability Distribution,0,OGC:WFS-1.0.0-http-get-feature,3594caaa-8703-4d1e-be1c-63734788792a,active,Unnamed resource,active,http://thredds.d4science.org/thredds/fileServer/public/netcdf/AquamapsNative2050/aquamaps_native2050_acantholabrus_palloni.nc,WCS,73a89fa4-b21b-427c-a8a9-6ac0b29a37b7,2017-12-15T21:57:04.079733,False
36f7db1c-837f-49f2-95db-836721023edc,c5e29d4e-5814-4cb4-bc13-722f3fbbef4c,bbdcf8bb-8394-4b89-9a4e-0fe4af90cb17,Raster,0,OGC:WFS-1.0.0-http-get-feature,54ae2bd0-7c17-482f-bea8-d6cfc66a8748,active,Unnamed resource,active,http://thredds.d4science.org/thredds/fileServer/public/netcdf/AquamapsNative2050/aquamaps_native2050_ambassis_ambassis.nc,WCS,AquaMaps,2017-12-16T02:19:26.694982,False
5929d449-2526-4a36-a7fe-b65dc0b6703e,4e3155c6-12e6-4d4c-b546-d6e9db0a1066,253489d3-3683-475a-b309-0e797c3eadf2,SpeciesDistribution,0,OGC:WFS-1.0.0-http-get-feature,48ed9b34-6a7d-4fa7-ac8f-9ebf3f971339,active,WMS link to resource,active,"http://geoserver4.d4science.research-infrastructures.eu/geoserver/wms?service=wms&version=1.1.0&request=GetMap&layers=lalvaniacancellata20130414115047901cest&styles=&bbox=-180,-90,180,90&width=676&height=330&srs=EPSG:4326&crs=EPSG:4326&format=application/openlayers",WMS,7614324,2017-09-22T16:11:28.646716,False
42dbfe92-5262-48d3-b4be-f3ae8f7d812a,c4418477-a9f9-4340-a417-9a16364cc98e,34da5ba8-b262-4b7f-970e-a71146774559,Vachelli s glass perchlet,0,OGC:WFS-1.0.0-http-get-feature,699f69f3-ffba-440f-a45b-51d8a979349c,active,WMS link to resource,active,"http://geoserver3.d4science.research-infrastructures.eu/geoserver/wms?service=wms&version=1.1.0&request=GetMap&layers=lambassisvachellii20130412123524962cest&styles=&bbox=-180,-90,180,90&width=676&height=330&srs=EPSG:4326&crs=EPSG:4326&format=application/openlayers",WMS,Ambassis vachellii,2017-09-23T09:16:07.858760,False
a3c4ae50-4526-4ae7-8483-d071a98b937d,7ee0399b-330a-4abc-8d59-8f9124561680,de7944d6-5dcd-49d1-a95c-6f0af6ea0e31,Twobar seabream,0,OGC:WFS-1.0.0-http-get-feature,a6c0fca9-5393-4007-b5ea-d2eda935b873,active,WMS link to resource,active,"http://geoserver2.d4science.research-infrastructures.eu/geoserver/wms?service=wms&version=1.1.0&request=GetMap&layers=lacanthopagrusbifasciatus20130410131952657cest&styles=&bbox=-180,-90,180,90&width=676&height=330&srs=EPSG:4326&crs=EPSG:4326&format=application/openlayers",WMS,Acanthopagrus bifasciatus,2017-09-23T10:59:22.694028,False
72f42d3d-00c8-49df-9ccd-c1ad11a7ae96,735ffe36-030c-49b8-b054-3c842d2fd5ed,7a125291-2c8e-423e-9fd2-ff05298031d0,SpeciesDistribution,0,OGC:WFS-1.0.0-http-get-feature,959135ee-0879-438d-8ca7-df1337bb4c12,active,WMS link to resource,active,"http://geoserver2.d4science.research-infrastructures.eu/geoserver/wms?service=wms&version=1.1.0&request=GetMap&layers=lacreichthystomentosus20130413153728898cest&styles=&bbox=-180,-90,180,90&width=676&height=330&srs=EPSG:4326&crs=EPSG:4326&format=application/openlayers",WMS,Acreichthys tomentosus,2017-09-23T12:05:55.481854,False
71ff0f36-43cf-42f2-a74b-47342fbacce0,fd6fcfd4-2d72-4c1e-83ec-82126314168f,5f309034-b145-4675-aedf-8eb801ac9ddb,SpeciesDistribution,0,OGC:WFS-1.0.0-http-get-feature,02ed0785-3a4c-4faf-ac96-81aff89a65eb,active,WMS link to resource,active,"http://geoserver2.d4science.research-infrastructures.eu/geoserver/wms?service=wms&version=1.1.0&request=GetMap&layers=lagariciagrahamae20121222070826390cet&styles=&bbox=-180,-90,180,90&width=676&height=330&srs=EPSG:4326&crs=EPSG:4326&format=application/openlayers",WMS,7614324,2017-09-22T14:13:49.498977,False
81d7b3d5-02d7-4bb9-8f93-aa1f633420e8,c4418477-a9f9-4340-a417-9a16364cc98e,413cfa20-6ac0-419e-8f9c-81509812f362,SpeciesDistribution,0,OGC:WFS-1.0.0-http-get-feature,579e7012-acd3-47a8-98b9-3eca833df481,active,WMS link to resource,active,"http://geoserver.d4science-ii.research-infrastructures.eu/geoserver/wms?service=wms&version=1.1.0&request=GetMap&layers=lacanthemblemariaexilispinus20121219224637606cet&styles=&bbox=-180,-90,180,90&width=676&height=330&srs=EPSG:4326&crs=EPSG:4326&format=application/openlayers",WMS,Acanthemblemaria exilispinus,2017-09-23T10:11:03.885585,False
09209088-fa84-4c68-9caf-95a497a5fb8c,c4418477-a9f9-4340-a417-9a16364cc98e,851f72ea-383f-440a-ac0f-aed198424e46,Twobar anemonefish,0,OGC:WFS-1.0.0-http-get-feature,8d65a4fd-9de4-423a-99d4-e2ebc252a46a,active,WMS link to resource,active,"http://geoserver2.d4science.research-infrastructures.eu/geoserver/wms?service=wms&version=1.1.0&request=GetMap&layers=lamphiprionallardi20121218090009768cet&styles=&bbox=-180,-90,180,90&width=676&height=330&srs=EPSG:4326&crs=EPSG:4326&format=application/openlayers",WMS,Amphiprion allardi,2017-09-23T10:57:57.313775,False
b5b1df64-fdf3-4e5c-9e82-72454e07084e,26a86c41-69f5-4462-a043-0d46135fc2d9,52c30943-61a5-4038-9cba-189c6fca2247,SpeciesDistribution,0,OGC:WFS-1.0.0-http-get-feature,d519d695-3034-4d48-83e6-7feaea990f92,active,WMS link to resource,active,"http://geoserver4.d4science.research-infrastructures.eu/geoserver/wms?service=wms&version=1.1.0&request=GetMap&layers=lalosaaestivalis20121217190056759cet&styles=&bbox=-180,-90,180,90&width=676&height=330&srs=EPSG:4326&crs=EPSG:4326&format=application/openlayers",WMS,Alosa aestivalis,2017-09-22T18:06:29.762217,False
49f32948-1d7a-4ff5-bfcc-1c14922c119c,bf9c1fc6-610c-4683-9906-ab38eeb55835,57460f37-ed0d-4859-934d-a3c47723c7cd,SpeciesDistribution,0,OGC:WFS-1.0.0-http-get-feature,4db36425-6cf1-423b-a0ef-870d8ac8c160,active,WMS link to resource,active,"http://geoserver4.d4science.research-infrastructures.eu/geoserver/wms?service=wms&version=1.1.0&request=GetMap&layers=lagonuscataphractus20130413031018280cest&styles=&bbox=-180,-90,180,90&width=676&height=330&srs=EPSG:4326&crs=EPSG:4326&format=application/openlayers",WMS,Agonus cataphractus,2017-09-22T02:30:06.223954,False
f64bac17-6ad4-4eeb-8c58-d757cc6544b3,c4418477-a9f9-4340-a417-9a16364cc98e,ac33c3d0-29e2-4177-a6f7-cfe66c17b6f9,SpeciesDistribution,0,OGC:WFS-1.0.0-http-get-feature,6c313510-2515-4fc6-bf00-8ded6a3b86fd,active,WMS link to resource,active,"http://geoserver3.d4science.research-infrastructures.eu/geoserver/wms?service=wms&version=1.1.0&request=GetMap&layers=lamphiprionchrysopterus20121210144445185cet&styles=&bbox=-180,-90,180,90&width=676&height=330&srs=EPSG:4326&crs=EPSG:4326&format=application/openlayers",WMS,Amphiprion chrysopterus,2017-09-22T23:24:37.724801,False
31680345-3535-41e8-b2d6-ccb16c27d527,4e3155c6-12e6-4d4c-b546-d6e9db0a1066,d96f4788-f36e-454a-a85c-b1091271345f,SpeciesDistribution,0,OGC:WMS-1.3.0-http-get-map,50fd95e2-ec2a-49af-9a1d-ae74ef0aefb3,active,WMS link to resource,active,"http://geoserver2.d4science.research-infrastructures.eu/geoserver/wms?service=wms&version=1.1.0&request=GetMap&layers=laluterusscriptus20130411120525815cest&styles=&bbox=-180,-90,180,90&width=676&height=330&srs=EPSG:4326&crs=EPSG:4326&format=application/openlayers",WMS,Aluterus scriptus,2017-09-23T11:32:10.549532,False
8bba4b0e-df1b-4af8-b0f7-400bb5383f30,6a0a2dae-fda6-47b0-8b21-097cb1fa1236,e290f2c8-ff31-4ac5-aaea-55e759af2e8d,SpeciesDistribution,0,OGC:WMS-1.3.0-http-get-map,4048a62e-6c3d-463b-9cfc-b9859e6727a0,active,WMS link to resource,active,"http://geoserver3.d4science.research-infrastructures.eu/geoserver/wms?service=wms&version=1.1.0&request=GetMap&layers=lamissidenshainesi20121220051936194cet&styles=&bbox=-180,-90,180,90&width=676&height=330&srs=EPSG:4326&crs=EPSG:4326&format=application/openlayers",WMS,Amissidens hainesi,2017-09-23T02:41:45.821492,False
aee38e27-aa72-4099-9f7d-e50ae49dd066,c4418477-a9f9-4340-a417-9a16364cc98e,62984c01-2804-4b3b-b346-9fe2024d61f6,NetCDF,0,OGC:WMS-1.3.0-http-get-map,d01de4fb-c9fb-4c7d-9a1c-593946acd566,active,Unnamed resource,active,http://thredds.d4science.org/thredds/fileServer/public/netcdf/AquamapsNative/aquamaps_native_acropora_hemprichii.nc,WCS,9fb4a47d-e164-4e59-98c9-abc777dfc5eb,2017-10-14T01:18:06.292521,False
770caa65-89c5-4869-99e4-32d1380e497a,c4418477-a9f9-4340-a417-9a16364cc98e,d57ac183-3c67-4c48-8446-126c02405568,Probability Distribution,0,OGC:WMS-1.3.0-http-get-map,ffe92369-fb5d-4f15-9653-15edd23b39e7,active,Unnamed resource,active,http://thredds.d4science.org/thredds/fileServer/public/netcdf/AquamapsNative2050/aquamaps_native2050_amblygaster_leiogaster.nc,WCS,69673a47-793c-4e9d-9724-a1488edddf49,2017-12-15T18:30:43.720418,False
f0684341-2f69-48d4-9e68-01c5efdbbafc,c4418477-a9f9-4340-a417-9a16364cc98e,fe210fb9-cb1e-408e-8355-0a3d4f6e106d,SpeciesDistribution,0,OGC:WMS-1.3.0-http-get-map,3642e107-30a5-4fa7-9d94-6e84c72976e3,active,WMS link to resource,active,"http://geoserver3.d4science.research-infrastructures.eu/geoserver/wms?service=wms&version=1.1.0&request=GetMap&layers=labraliaandamanica20130412031430631cest&styles=&bbox=-180,-90,180,90&width=676&height=330&srs=EPSG:4326&crs=EPSG:4326&format=application/openlayers",WMS,7614324,2017-09-23T17:25:27.215466,False
19cf927e-7886-4e07-ac7e-7265e13afcba,6935f5b9-da90-47f4-b1c6-87d5d7fbfb51,b1785433-847e-462b-b692-7bdd4e84bc2e,Ambassis urotaenia,3,OGC:WMS-1.3.0-http-get-map,034d7e07-37f2-4de0-a0cf-8662392a1fe2,active,WMS link to resource,active,http://geoserver2.d4science.research-infrastructures.eu/geoserver/ows?service=WFS&version=1.0.0&request=GetFeature&typeName=lambassisurotaenia20130412022514351cest&format=json,WFS,Species Distribution Model,2017-09-22T01:34:19.226871,False
bebda250-fdab-4fb7-9bfc-613f165885c1,c4418477-a9f9-4340-a417-9a16364cc98e,813e2b12-0910-4665-a669-f275d168e98d,7614324,3,OGC:WMS-1.3.0-http-get-map,1c362bfe-e034-4496-b4d1-66086c5aeffd,active,WMS link to resource,active,http://geoserver.d4science-ii.research-infrastructures.eu/geoserver/ows?service=WFS&version=1.0.0&request=GetFeature&typeName=lalpheusmacroskeles20121222015456970cet&format=json,WFS,acantholabrus palloni,2017-09-21T22:15:10.544590,False
09e57433-8031-453e-9221-bf1fb3dcaf0f,c4418477-a9f9-4340-a417-9a16364cc98e,ca79eca1-6524-4256-919a-9e0508400066,1dfeedfb-c3f5-417c-aff8-29323cb6e72e,3,OGC:WMS-1.3.0-http-get-map,ad83cb4c-2b43-42d5-b5b1-cfc8d0c0ab13,active,Unnamed resource,active,"http://thredds.d4science.org/thredds/wms/public/netcdf/AquamapsNative/aquamaps_native_allomycterus_pilatus.nc?service=wms&version=1.3.0&request=GetMap&layers=probability&bbox=-47.75,-179.25,-27.75,179.75&styles=&width=640&height=480&srs=EPSG:4326&CRS=EPSG:4326&format=image/png&COLORSCALERANGE=auto",WMS,ambassis ambassis,2017-10-13T23:43:27.781586,False
f1dd58c1-1865-41b2-ad45-efb1337879bc,c4418477-a9f9-4340-a417-9a16364cc98e,650df3b3-516a-445f-99cd-e2366adceeb9,Ambassis vachellii,3,OGC:WMS-1.3.0-http-get-map,c2b6cb05-eaf5-4251-80c5-a9e384b775a5,active,WMS link to resource,active,http://geoserver3.d4science.research-infrastructures.eu/geoserver/ows?service=WFS&version=1.0.0&request=GetFeature&typeName=lambassisvachellii20121218094205814cet&format=json,WFS,Species Distribution Model,2017-09-22T01:27:52.278510,False
4162f26d-758b-4c6f-908f-8b70565eeeeb,c4418477-a9f9-4340-a417-9a16364cc98e,b6349771-6c18-4d76-9206-3f4d82124fe1,Anampses femininus,3,OGC:WMS-1.3.0-http-get-map,071c7be6-83f6-4554-96df-572b6c4ad092,active,WMS link to resource,active,http://geoserver.d4science-ii.research-infrastructures.eu/geoserver/ows?service=WFS&version=1.0.0&request=GetFeature&typeName=lanampsesfemininus20130414005421325cest&format=json,WFS,amblygaster leiogaster,2017-09-22T02:31:09.664200,False
03549792-a8b2-4269-b665-c77dbd6dd301,c4418477-a9f9-4340-a417-9a16364cc98e,a1539697-eb04-48c6-a279-7bec85e35bb0,Amphiprion clarkii,3,OGC:WMS-1.3.0-http-get-map,46b1f117-24e8-452f-8458-578b3d02d638,active,WMS link to resource,active,http://geoserver4.d4science.research-infrastructures.eu/geoserver/ows?service=WFS&version=1.0.0&request=GetFeature&typeName=lamphiprionclarkii20121217233904973cet&format=json,WFS,AquaMaps,2017-09-21T12:39:44.302404,False
89c363c0-2a4e-4ca2-9de4-111ffdc8e4a3,c5e29d4e-5814-4cb4-bc13-722f3fbbef4c,58b4e94d-babb-416d-a389-7495f58a58b1,Amblyraja radiata,3,OGC:WMS-1.3.0-http-get-map,4c584d2d-d9e3-439f-b357-f29effb3e2b5,active,WMS link to resource,active,http://geoserver2.d4science.research-infrastructures.eu/geoserver/ows?service=WFS&version=1.0.0&request=GetFeature&typeName=lamblyrajaradiata20121219191835384cet&format=json,WFS,Alpheus macroskeles,2017-09-22T04:18:56.538642,False
75c70ac5-74dc-4a7c-b82c-6fb890583e12,26a86c41-69f5-4462-a043-0d46135fc2d9,58aa6f4d-5fba-4e47-9799-da63725b0acd,Aetapcus maculatus,3,OGC:WMS-1.3.0-http-get-map,6acd35a3-d4d6-4130-bf88-7d849cd6cc88,active,WMS link to resource,active,http://geoserver.d4science-ii.research-infrastructures.eu/geoserver/ows?service=WFS&version=1.0.0&request=GetFeature&typeName=laetapcusmaculatus20130413183629956cest&format=json,WFS,Allomycterus Pilatus,2017-09-21T19:55:31.537221,False
7250e4f5-f696-4ab4-b546-d92b6f07b661,c4418477-a9f9-4340-a417-9a16364cc98e,7b1cf2ac-8401-4903-a96a-c874da17b736,Abudefduf saxatilis,3,OGC:WMS-1.3.0-http-get-map,13dad061-f600-4cff-9464-9050c475854c,active,WMS link to resource,active,http://geoserver2.d4science.research-infrastructures.eu/geoserver/ows?service=WFS&version=1.0.0&request=GetFeature&typeName=labudefdufsaxatilis20130410023230383cest&format=json,WFS,AquaMaps,2017-09-21T22:43:58.492898,False
9085c23f-31ea-4a37-b5be-b95f2b65f23b,046eec91-718e-42d1-9812-b92dde9d1196,934ba31c-913c-414e-b8d8-16a3c71be25c,Ambassis jacksoniensis,3,OGC:WMS-1.3.0-http-get-map,d6726eba-2eed-4250-898f-7284c0bf65db,active,WMS link to resource,active,http://geoserver.d4science-ii.research-infrastructures.eu/geoserver/ows?service=WFS&version=1.0.0&request=GetFeature&typeName=lambassisjacksoniensis20130414083453689cest&format=json,WFS,AquaMaps,2017-09-22T15:26:15.317753,False
d06c4150-faa6-4174-823a-eb49453d59d8,538e8738-e71d-4743-92ee-8a7f9892d831,de00a121-da8d-4159-bb72-05dc216ee54e,73a89fa4-b21b-427c-a8a9-6ac0b29a37b7,3,OGC:WMS-1.3.0-http-get-map,3594caaa-8703-4d1e-be1c-63734788792a,active,Unnamed resource,active,"http://thredds.d4science.org/thredds/wms/public/netcdf/AquamapsNative2050/aquamaps_native2050_acantholabrus_palloni.nc?service=wms&version=1.3.0&request=GetMap&layers=probability&bbox=18.25,-41.75,72.25,21.25&styles=&width=640&height=480&srs=EPSG:4326&CRS=EPSG:4326&format=image/png&COLORSCALERANGE=auto",WMS,AquaMaps,2017-12-15T21:57:04.079730,False
36f7db1c-837f-49f2-95db-836721023edc,538e8738-e71d-4743-92ee-8a7f9892d831,403dd85b-e419-47f3-8715-fb975a78959e,AquaMaps,3,OGC:WMS-1.3.0-http-get-map,54ae2bd0-7c17-482f-bea8-d6cfc66a8748,active,Unnamed resource,active,"http://thredds.d4science.org/thredds/wms/public/netcdf/AquamapsNative2050/aquamaps_native2050_ambassis_ambassis.nc?service=wms&version=1.3.0&request=GetMap&layers=probability&bbox=-33.75,30.25,22.75,129.25&styles=&width=640&height=480&srs=EPSG:4326&CRS=EPSG:4326&format=image/png&COLORSCALERANGE=auto",WMS,AquaMaps,2017-12-16T02:19:26.694979,False
5929d449-2526-4a36-a7fe-b65dc0b6703e,cc8f1fb5-100f-4ba0-a2a9-c28953a9729e,040dc266-f4c8-4bf5-8bb8-af7cd23977b1,7614324,3,OGC:WMS-1.3.0-http-get-map,48ed9b34-6a7d-4fa7-ac8f-9ebf3f971339,active,WMS link to resource,active,http://geoserver4.d4science.research-infrastructures.eu/geoserver/ows?service=WFS&version=1.0.0&request=GetFeature&typeName=lalvaniacancellata20130414115047901cest&format=json,WFS,AquaMaps,2017-09-22T16:11:28.646712,False
42dbfe92-5262-48d3-b4be-f3ae8f7d812a,202346c7-615d-430f-a86f-b0a912fae7cc,eaaa1e62-84c1-4775-a837-d29abefa87bc,Ambassis vachellii,3,OGC:WMS-1.3.0-http-get-map,699f69f3-ffba-440f-a45b-51d8a979349c,active,WMS link to resource,active,http://geoserver3.d4science.research-infrastructures.eu/geoserver/ows?service=WFS&version=1.0.0&request=GetFeature&typeName=lambassisvachellii20130412123524962cest&format=json,WFS,AquaMaps,2017-09-23T09:16:07.858757,False
a3c4ae50-4526-4ae7-8483-d071a98b937d,cc8f1fb5-100f-4ba0-a2a9-c28953a9729e,a4dea4a7-2eb1-406c-ae90-755bb5ecf804,Acanthopagrus bifasciatus,3,OGC:WMS-1.3.0-http-get-map,a6c0fca9-5393-4007-b5ea-d2eda935b873,active,WMS link to resource,active,http://geoserver2.d4science.research-infrastructures.eu/geoserver/ows?service=WFS&version=1.0.0&request=GetFeature&typeName=lacanthopagrusbifasciatus20130410131952657cest&format=json,WFS,AquaMaps,2017-09-23T10:59:22.694024,False
72f42d3d-00c8-49df-9ccd-c1ad11a7ae96,cc8f1fb5-100f-4ba0-a2a9-c28953a9729e,41a82ca3-f238-43d5-9f1b-f7dc5075a3d2,Acreichthys tomentosus,3,OGC:WMS-1.3.0-http-get-map,959135ee-0879-438d-8ca7-df1337bb4c12,active,WMS link to resource,active,http://geoserver2.d4science.research-infrastructures.eu/geoserver/ows?service=WFS&version=1.0.0&request=GetFeature&typeName=lacreichthystomentosus20130413153728898cest&format=json,WFS,AquaMaps,2017-09-23T12:05:55.481850,False
71ff0f36-43cf-42f2-a74b-47342fbacce0,cc8f1fb5-100f-4ba0-a2a9-c28953a9729e,2c7c9532-dd6e-4dcc-9d77-528549d2cddc,7614324,3,OGC:WMS-1.3.0-http-get-map,02ed0785-3a4c-4faf-ac96-81aff89a65eb,active,WMS link to resource,active,http://geoserver2.d4science.research-infrastructures.eu/geoserver/ows?service=WFS&version=1.0.0&request=GetFeature&typeName=lagariciagrahamae20121222070826390cet&format=json,WFS,AquaMaps Native 2050,2017-09-22T14:13:49.498972,False
81d7b3d5-02d7-4bb9-8f93-aa1f633420e8,cc8f1fb5-100f-4ba0-a2a9-c28953a9729e,6ebcb6cb-afb3-4407-9236-5be3d3d59994,Acanthemblemaria exilispinus,3,OGC:WMS-1.3.0-http-get-map,579e7012-acd3-47a8-98b9-3eca833df481,active,WMS link to resource,active,http://geoserver.d4science-ii.research-infrastructures.eu/geoserver/ows?service=WFS&version=1.0.0&request=GetFeature&typeName=lacanthemblemariaexilispinus20121219224637606cet&format=json,WFS,Alvania cancellata,2017-09-23T10:11:03.885582,False
09209088-fa84-4c68-9caf-95a497a5fb8c,cc8f1fb5-100f-4ba0-a2a9-c28953a9729e,df2382a1-04bd-40fa-9f8f-c8f0ff0ea635,Amphiprion allardi,3,OGC:WMS-1.3.0-http-get-map,8d65a4fd-9de4-423a-99d4-e2ebc252a46a,active,WMS link to resource,active,http://geoserver2.d4science.research-infrastructures.eu/geoserver/ows?service=WFS&version=1.0.0&request=GetFeature&typeName=lamphiprionallardi20121218090009768cet&format=json,WFS,AquaMaps,2017-09-23T10:57:57.313771,False
b5b1df64-fdf3-4e5c-9e82-72454e07084e,956556d6-337d-4c36-b996-75e594fc0f15,620a8534-72fd-48bf-94b7-d02df9b4e7d6,Alosa aestivalis,3,OGC:WMS-1.3.0-http-get-map,d519d695-3034-4d48-83e6-7feaea990f92,active,WMS link to resource,active,http://geoserver4.d4science.research-infrastructures.eu/geoserver/ows?service=WFS&version=1.0.0&request=GetFeature&typeName=lalosaaestivalis20121217190056759cet&format=json,WFS,AquaMaps,2017-09-22T18:06:29.762213,False
49f32948-1d7a-4ff5-bfcc-1c14922c119c,c5e29d4e-5814-4cb4-bc13-722f3fbbef4c,e7b01309-0fcb-459b-ae16-1d68b9a1a218,Agonus cataphractus,3,OGC:WMS-1.3.0-http-get-map,4db36425-6cf1-423b-a0ef-870d8ac8c160,active,WMS link to resource,active,http://geoserver4.d4science.research-infrastructures.eu/geoserver/ows?service=WFS&version=1.0.0&request=GetFeature&typeName=lagonuscataphractus20130413031018280cest&format=json,WFS,AquaMaps,2017-09-22T02:30:06.223951,False
f64bac17-6ad4-4eeb-8c58-d757cc6544b3,538e8738-e71d-4743-92ee-8a7f9892d831,6613d405-eadf-49b7-92c0-f52609eda7cf,Amphiprion chrysopterus,3,OGC:WMS-1.3.0-http-get-map,6c313510-2515-4fc6-bf00-8ded6a3b86fd,active,WMS link to resource,active,http://geoserver3.d4science.research-infrastructures.eu/geoserver/ows?service=WFS&version=1.0.0&request=GetFeature&typeName=lamphiprionchrysopterus20121210144445185cet&format=json,WFS,Agaricia grahamae,2017-09-22T23:24:37.724797,False
31680345-3535-41e8-b2d6-ccb16c27d527,cc8f1fb5-100f-4ba0-a2a9-c28953a9729e,54e88eb6-aa57-4839-b4b7-25533f2fc552,Aluterus scriptus,3,OGC:WMS-1.3.0-http-get-map,50fd95e2-ec2a-49af-9a1d-ae74ef0aefb3,active,WMS link to resource,active,http://geoserver2.d4science.research-infrastructures.eu/geoserver/ows?service=WFS&version=1.0.0&request=GetFeature&typeName=laluterusscriptus20130411120525815cest&format=json,WFS,AquaMaps,2017-09-23T11:32:10.549528,False
8bba4b0e-df1b-4af8-b0f7-400bb5383f30,cc8f1fb5-100f-4ba0-a2a9-c28953a9729e,0ac7aa9e-0b41-4375-ad26-ef399e89e123,Amissidens hainesi,3,OGC:WMS-1.3.0-http-get-map,4048a62e-6c3d-463b-9cfc-b9859e6727a0,active,WMS link to resource,active,http://geoserver3.d4science.research-infrastructures.eu/geoserver/ows?service=WFS&version=1.0.0&request=GetFeature&typeName=lamissidenshainesi20121220051936194cet&format=json,WFS,AquaMaps,2017-09-23T02:41:45.821488,False
aee38e27-aa72-4099-9f7d-e50ae49dd066,1a52782b-9168-41fb-9b41-20a66f00719a,2058ab90-5719-40be-bdf5-5802cd46ca68,9fb4a47d-e164-4e59-98c9-abc777dfc5eb,3,OGC:WMS-1.3.0-http-get-map,d01de4fb-c9fb-4c7d-9a1c-593946acd566,active,Unnamed resource,active,"http://thredds.d4science.org/thredds/wms/public/netcdf/AquamapsNative/aquamaps_native_acropora_hemprichii.nc?service=wms&version=1.3.0&request=GetMap&layers=probability&bbox=-24.75,-179.75,30.25,180.25&styles=&width=640&height=480&srs=EPSG:4326&CRS=EPSG:4326&format=image/png&COLORSCALERANGE=auto",WMS,AquaMaps,2017-10-14T01:18:06.292518,False
770caa65-89c5-4869-99e4-32d1380e497a,538e8738-e71d-4743-92ee-8a7f9892d831,0b8f9865-5ea1-45f3-8609-7483721f9482,69673a47-793c-4e9d-9724-a1488edddf49,3,OGC:WMS-1.3.0-http-get-map,ffe92369-fb5d-4f15-9653-15edd23b39e7,active,Unnamed resource,active,"http://thredds.d4science.org/thredds/wms/public/netcdf/AquamapsNative2050/aquamaps_native2050_amblygaster_leiogaster.nc?service=wms&version=1.3.0&request=GetMap&layers=probability&bbox=-32.75,30.25,38.25,139.25&styles=&width=640&height=480&srs=EPSG:4326&CRS=EPSG:4326&format=image/png&COLORSCALERANGE=auto",WMS,AquaMaps,2017-12-15T18:30:43.720415,False
f0684341-2f69-48d4-9e68-01c5efdbbafc,2be901b9-71b0-41f4-95a9-ebfb8167ba70,5c4ee558-6ca2-41cb-ba11-e98afb31103f,7614324,3,OGC:WMS-1.3.0-http-get-map,3642e107-30a5-4fa7-9d94-6e84c72976e3,active,WMS link to resource,active,http://geoserver3.d4science.research-infrastructures.eu/geoserver/ows?service=WFS&version=1.0.0&request=GetFeature&typeName=labraliaandamanica20130412031430631cest&format=json,WFS,AquaMaps,2017-09-23T17:25:27.215463,False
19cf927e-7886-4e07-ac7e-7265e13afcba,cc8f1fb5-100f-4ba0-a2a9-c28953a9729e,941eaba7-54ed-48c7-9b12-250f6b3c64af,iMarine,2,OGC:WMS-1.3.0-http-get-map,034d7e07-37f2-4de0-a0cf-8662392a1fe2,active,GIS Viewer link,active,"http://geoserver2.d4science.research-infrastructures.eu/geoserver/wms?service=wms&version=1.1.0&request=GetMap&layers=lambassisurotaenia20130412022514351cest&styles=&bbox=-180,-90,180,90&width=676&height=330&srs=EPSG:4326&crs=EPSG:4326&format=application/openlayers",application/x-netcdf,AquaMaps,2017-09-22T01:34:19.226857,False
bebda250-fdab-4fb7-9bfc-613f165885c1,2ee7ef0a-392b-4ff9-b22d-5b6d8c5ac93d,6ffbea2f-50b5-47dc-8682-f174a4996301,WORMS   209390,2,OGC:WMS-1.3.0-http-get-map,1c362bfe-e034-4496-b4d1-66086c5aeffd,active,GIS Viewer link,active,"http://geoserver.d4science-ii.research-infrastructures.eu/geoserver/wms?service=wms&version=1.1.0&request=GetMap&layers=lalpheusmacroskeles20121222015456970cet&styles=&bbox=-180,-90,180,90&width=676&height=330&srs=EPSG:4326&crs=EPSG:4326&format=application/openlayers",application/x-netcdf,AquaMaps,2017-09-21T22:15:10.544578,False
09e57433-8031-453e-9221-bf1fb3dcaf0f,cc8f1fb5-100f-4ba0-a2a9-c28953a9729e,54ca3deb-e642-43a7-8c00-b735b27e295a,Probability Distribution,2,OGC:WMS-1.3.0-http-get-map,ad83cb4c-2b43-42d5-b5b1-cfc8d0c0ab13,active,Unnamed resource,active,"http://thredds.d4science.org/thredds/wcs/public/netcdf/AquamapsNative/aquamaps_native_allomycterus_pilatus.nc?service=wcs&version=1.0.0&request=GetCoverage&coverage=probability&CRS=EPSG:4326&bbox=-47.75,-179.25,-27.75,179.75&width=640&height=480&format=geotiff",application/x-netcdf,Acropora Hemprichii,2017-10-13T23:43:27.781572,False
f1dd58c1-1865-41b2-ad45-efb1337879bc,cc8f1fb5-100f-4ba0-a2a9-c28953a9729e,27f19f46-17c1-48f4-b233-20201eb68182,iMarine,2,OGC:WMS-1.3.0-http-get-map,c2b6cb05-eaf5-4251-80c5-a9e384b775a5,active,GIS Viewer link,active,"http://geoserver3.d4science.research-infrastructures.eu/geoserver/wms?service=wms&version=1.1.0&request=GetMap&layers=lambassisvachellii20121218094205814cet&styles=&bbox=-180,-90,180,90&width=676&height=330&srs=EPSG:4326&crs=EPSG:4326&format=application/openlayers",application/x-netcdf,AquaMaps,2017-09-22T01:27:52.278497,False
4162f26d-758b-4c6f-908f-8b70565eeeeb,cc8f1fb5-100f-4ba0-a2a9-c28953a9729e,ea773b5e-48cb-4130-9867-f19f0057b451,iMarine,2,OGC:WMS-1.3.0-http-get-map,071c7be6-83f6-4554-96df-572b6c4ad092,active,GIS Viewer link,active,"http://geoserver.d4science-ii.research-infrastructures.eu/geoserver/wms?service=wms&version=1.1.0&request=GetMap&layers=lanampsesfemininus20130414005421325cest&styles=&bbox=-180,-90,180,90&width=676&height=330&srs=EPSG:4326&crs=EPSG:4326&format=application/openlayers",application/x-netcdf,Abralia andamanica,2017-09-22T02:31:09.664186,False
03549792-a8b2-4269-b665-c77dbd6dd301,cc8f1fb5-100f-4ba0-a2a9-c28953a9729e,b2fa2bac-eb6c-4c1a-8a27-c3414a926441,iMarine,2,OGC:WMS-1.3.0-http-get-map,46b1f117-24e8-452f-8458-578b3d02d638,active,GIS Viewer link,active,"http://geoserver4.d4science.research-infrastructures.eu/geoserver/wms?service=wms&version=1.1.0&request=GetMap&layers=lamphiprionclarkii20121217233904973cet&styles=&bbox=-180,-90,180,90&width=676&height=330&srs=EPSG:4326&crs=EPSG:4326&format=application/openlayers",WMS,iMarine,2017-09-21T12:39:44.302390,False
89c363c0-2a4e-4ca2-9de4-111ffdc8e4a3,538e8738-e71d-4743-92ee-8a7f9892d831,d8724dfa-70ba-4adc-a70b-18904658b72f,iMarine,2,OGC:WMS-1.3.0-http-get-map,4c584d2d-d9e3-439f-b357-f29effb3e2b5,active,GIS Viewer link,active,"http://geoserver2.d4science.research-infrastructures.eu/geoserver/wms?service=wms&version=1.1.0&request=GetMap&layers=lamblyrajaradiata20121219191835384cet&styles=&bbox=-180,-90,180,90&width=676&height=330&srs=EPSG:4326&crs=EPSG:4326&format=application/openlayers",WMS,WORMS   209390,2017-09-22T04:18:56.538629,False
75c70ac5-74dc-4a7c-b82c-6fb890583e12,956556d6-337d-4c36-b996-75e594fc0f15,a00110ea-5ddd-4854-be9c-9d19aa802014,iMarine,2,OGC:WMS-1.3.0-http-get-map,6acd35a3-d4d6-4130-bf88-7d849cd6cc88,active,GIS Viewer link,active,"http://geoserver.d4science-ii.research-infrastructures.eu/geoserver/wms?service=wms&version=1.1.0&request=GetMap&layers=laetapcusmaculatus20130413183629956cest&styles=&bbox=-180,-90,180,90&width=676&height=330&srs=EPSG:4326&crs=EPSG:4326&format=application/openlayers",application/x-netcdf,Probability Distribution,2017-09-21T19:55:31.537209,False
7250e4f5-f696-4ab4-b546-d92b6f07b661,538e8738-e71d-4743-92ee-8a7f9892d831,17082d65-97f4-4392-ab40-69740b2ff0cb,iMarine,2,OGC:WMS-1.3.0-http-get-map,13dad061-f600-4cff-9464-9050c475854c,active,GIS Viewer link,active,"http://geoserver2.d4science.research-infrastructures.eu/geoserver/wms?service=wms&version=1.1.0&request=GetMap&layers=labudefdufsaxatilis20130410023230383cest&styles=&bbox=-180,-90,180,90&width=676&height=330&srs=EPSG:4326&crs=EPSG:4326&format=application/openlayers",WMS,iMarine,2017-09-21T22:43:58.492885,False
9085c23f-31ea-4a37-b5be-b95f2b65f23b,c415fab9-35e8-45df-8790-d087f71698ae,d0e41256-55d1-411f-9d57-bb5f699f4706,iMarine,2,OGC:WMS-1.3.0-http-get-map,d6726eba-2eed-4250-898f-7284c0bf65db,active,GIS Viewer link,active,"http://geoserver.d4science-ii.research-infrastructures.eu/geoserver/wms?service=wms&version=1.1.0&request=GetMap&layers=lambassisjacksoniensis20130414083453689cest&styles=&bbox=-180,-90,180,90&width=676&height=330&srs=EPSG:4326&crs=EPSG:4326&format=application/openlayers",WMS,iMarine,2017-09-22T15:26:15.317739,False
d06c4150-faa6-4174-823a-eb49453d59d8,42981a4b-1711-4dcf-9370-29564e87d65f,c27cac84-334b-4a99-abda-6d564f81e95a,Raster,2,OGC:WMS-1.3.0-http-get-map,3594caaa-8703-4d1e-be1c-63734788792a,active,Unnamed resource,active,"http://thredds.d4science.org/thredds/wcs/public/netcdf/AquamapsNative2050/aquamaps_native2050_acantholabrus_palloni.nc?service=wcs&version=1.0.0&request=GetCoverage&coverage=probability&CRS=EPSG:4326&bbox=18.25,-41.75,72.25,21.25&width=640&height=480&format=geotiff",WMS,iMarine,2017-12-15T21:57:04.079716,False
36f7db1c-837f-49f2-95db-836721023edc,bc891cab-17ce-4073-9bfe-0e93617581c0,03418c0c-a41f-47a2-9ab9-504f47e49b33,Species Distribution Model,2,OGC:WMS-1.3.0-http-get-map,54ae2bd0-7c17-482f-bea8-d6cfc66a8748,active,Unnamed resource,active,"http://thredds.d4science.org/thredds/wcs/public/netcdf/AquamapsNative2050/aquamaps_native2050_ambassis_ambassis.nc?service=wcs&version=1.0.0&request=GetCoverage&coverage=probability&CRS=EPSG:4326&bbox=-33.75,30.25,22.75,129.25&width=640&height=480&format=geotiff",WMS,iMarine,2017-12-16T02:19:26.694965,False
5929d449-2526-4a36-a7fe-b65dc0b6703e,c415fab9-35e8-45df-8790-d087f71698ae,5bafbbb3-1a8a-4dda-a4ed-cf4c68efde0b,WORMS   209390,2,WWW:LINK-1.0-http--link,48ed9b34-6a7d-4fa7-ac8f-9ebf3f971339,active,GIS Viewer link,active,"http://geoserver4.d4science.research-infrastructures.eu/geoserver/wms?service=wms&version=1.1.0&request=GetMap&layers=lalvaniacancellata20130414115047901cest&styles=&bbox=-180,-90,180,90&width=676&height=330&srs=EPSG:4326&crs=EPSG:4326&format=application/openlayers",WMS,iMarine,2017-09-22T16:11:28.646698,False
42dbfe92-5262-48d3-b4be-f3ae8f7d812a,e8c0ae2d-bcde-4d18-a319-1dc82c358808,d40a9296-b854-4a66-80c4-64ec19f9c8cb,iMarine,2,WWW:LINK-1.0-http--link,699f69f3-ffba-440f-a45b-51d8a979349c,active,GIS Viewer link,active,"http://geoserver3.d4science.research-infrastructures.eu/geoserver/wms?service=wms&version=1.1.0&request=GetMap&layers=lambassisvachellii20130412123524962cest&styles=&bbox=-180,-90,180,90&width=676&height=330&srs=EPSG:4326&crs=EPSG:4326&format=application/openlayers",WMS,iMarine,2017-09-23T09:16:07.858744,False
a3c4ae50-4526-4ae7-8483-d071a98b937d,581c2174-dcf1-4f88-9535-0fe9d48927e6,8fb0af60-944a-4bf4-a7e1-8aa32cbaebbc,iMarine,2,WWW:LINK-1.0-http--link,a6c0fca9-5393-4007-b5ea-d2eda935b873,active,GIS Viewer link,active,"http://geoserver2.d4science.research-infrastructures.eu/geoserver/wms?service=wms&version=1.1.0&request=GetMap&layers=lacanthopagrusbifasciatus20130410131952657cest&styles=&bbox=-180,-90,180,90&width=676&height=330&srs=EPSG:4326&crs=EPSG:4326&format=application/openlayers",WMS,iMarine,2017-09-23T10:59:22.694008,False
72f42d3d-00c8-49df-9ccd-c1ad11a7ae96,aba6450f-6547-47a9-9ab3-a1a4f309bb6b,0f55b1b2-c0e3-47be-8e75-ab5603d84f22,iMarine,2,WWW:LINK-1.0-http--link,959135ee-0879-438d-8ca7-df1337bb4c12,active,GIS Viewer link,active,"http://geoserver2.d4science.research-infrastructures.eu/geoserver/wms?service=wms&version=1.1.0&request=GetMap&layers=lacreichthystomentosus20130413153728898cest&styles=&bbox=-180,-90,180,90&width=676&height=330&srs=EPSG:4326&crs=EPSG:4326&format=application/openlayers",application/x-netcdf,Raster,2017-09-23T12:05:55.481837,False
71ff0f36-43cf-42f2-a74b-47342fbacce0,c0e10076-db4e-44d7-a69f-b179bec636b9,384aa54f-26c0-4ae8-b979-be16d5300a24,WORMS   209390,2,WWW:LINK-1.0-http--link,02ed0785-3a4c-4faf-ac96-81aff89a65eb,active,GIS Viewer link,active,"http://geoserver2.d4science.research-infrastructures.eu/geoserver/wms?service=wms&version=1.1.0&request=GetMap&layers=lagariciagrahamae20121222070826390cet&styles=&bbox=-180,-90,180,90&width=676&height=330&srs=EPSG:4326&crs=EPSG:4326&format=application/openlayers",application/x-netcdf,Species Distribution Model,2017-09-22T14:13:49.498956,False
81d7b3d5-02d7-4bb9-8f93-aa1f633420e8,b745ed89-61cc-46c8-ae9d-eb91952a501a,37ae1add-933e-4aa2-a9bb-831680cd310c,iMarine,2,WWW:LINK-1.0-http--link,579e7012-acd3-47a8-98b9-3eca833df481,active,GIS Viewer link,active,"http://geoserver.d4science-ii.research-infrastructures.eu/geoserver/wms?service=wms&version=1.1.0&request=GetMap&layers=lacanthemblemariaexilispinus20121219224637606cet&styles=&bbox=-180,-90,180,90&width=676&height=330&srs=EPSG:4326&crs=EPSG:4326&format=application/openlayers",WMS,WORMS   209390,2017-09-23T10:11:03.885568,False
09209088-fa84-4c68-9caf-95a497a5fb8c,77e2f5cc-091b-40ad-86c1-aff5ae8ce15f,f01fce09-86ea-40df-8d36-5cde6815a27f,iMarine,2,WWW:LINK-1.0-http--link,8d65a4fd-9de4-423a-99d4-e2ebc252a46a,active,GIS Viewer link,active,"http://geoserver2.d4science.research-infrastructures.eu/geoserver/wms?service=wms&version=1.1.0&request=GetMap&layers=lamphiprionallardi20121218090009768cet&styles=&bbox=-180,-90,180,90&width=676&height=330&srs=EPSG:4326&crs=EPSG:4326&format=application/openlayers",WMS,iMarine,2017-09-23T10:57:57.313758,False
b5b1df64-fdf3-4e5c-9e82-72454e07084e,f3d2678c-7f0c-4f40-ad5f-ba5189b118b4,8633eeb2-d40e-4f84-b2de-b390db195d0d,iMarine,2,WWW:LINK-1.0-http--link,d519d695-3034-4d48-83e6-7feaea990f92,active,GIS Viewer link,active,"http://geoserver4.d4science.research-infrastructures.eu/geoserver/wms?service=wms&version=1.1.0&request=GetMap&layers=lalosaaestivalis20121217190056759cet&styles=&bbox=-180,-90,180,90&width=676&height=330&srs=EPSG:4326&crs=EPSG:4326&format=application/openlayers",WMS,iMarine,2017-09-22T18:06:29.762198,False
49f32948-1d7a-4ff5-bfcc-1c14922c119c,70a8505d-caba-4f8c-ab9d-bea211928248,a04715c5-a6dd-4fad-a0d9-5f928cfead4f,iMarine,2,WWW:LINK-1.0-http--link,4db36425-6cf1-423b-a0ef-870d8ac8c160,active,GIS Viewer link,active,"http://geoserver4.d4science.research-infrastructures.eu/geoserver/wms?service=wms&version=1.1.0&request=GetMap&layers=lagonuscataphractus20130413031018280cest&styles=&bbox=-180,-90,180,90&width=676&height=330&srs=EPSG:4326&crs=EPSG:4326&format=application/openlayers",WMS,iMarine,2017-09-22T02:30:06.223938,False
f64bac17-6ad4-4eeb-8c58-d757cc6544b3,9f1a0e3a-bdab-4621-a0ce-2c040563034f,996aa5b7-9895-49d2-91b9-9f9289e2fb9a,iMarine,2,WWW:LINK-1.0-http--link,6c313510-2515-4fc6-bf00-8ded6a3b86fd,active,GIS Viewer link,active,"http://geoserver3.d4science.research-infrastructures.eu/geoserver/wms?service=wms&version=1.1.0&request=GetMap&layers=lamphiprionchrysopterus20121210144445185cet&styles=&bbox=-180,-90,180,90&width=676&height=330&srs=EPSG:4326&crs=EPSG:4326&format=application/openlayers",WMS,WORMS   209390,2017-09-22T23:24:37.724782,False
31680345-3535-41e8-b2d6-ccb16c27d527,cf6932a3-e280-42bd-9cdc-2e0a2ee2701c,37b1bbc0-3b4b-44f4-bb3e-3f6e19bcba33,iMarine,2,WWW:LINK-1.0-http--link,50fd95e2-ec2a-49af-9a1d-ae74ef0aefb3,active,GIS Viewer link,active,"http://geoserver2.d4science.research-infrastructures.eu/geoserver/wms?service=wms&version=1.1.0&request=GetMap&layers=laluterusscriptus20130411120525815cest&styles=&bbox=-180,-90,180,90&width=676&height=330&srs=EPSG:4326&crs=EPSG:4326&format=application/openlayers",WMS,iMarine,2017-09-23T11:32:10.549515,False
8bba4b0e-df1b-4af8-b0f7-400bb5383f30,d313a2be-acb7-48b4-be65-1099f69e91db,afd318b7-f772-478b-8f7d-a62c98705cd5,iMarine,2,WWW:LINK-1.0-http--link,4048a62e-6c3d-463b-9cfc-b9859e6727a0,active,GIS Viewer link,active,"http://geoserver3.d4science.research-infrastructures.eu/geoserver/wms?service=wms&version=1.1.0&request=GetMap&layers=lamissidenshainesi20121220051936194cet&styles=&bbox=-180,-90,180,90&width=676&height=330&srs=EPSG:4326&crs=EPSG:4326&format=application/openlayers",WMS,iMarine,2017-09-23T02:41:45.821474,False
aee38e27-aa72-4099-9f7d-e50ae49dd066,a8244e54-f9b9-493a-8cf5-ec692156be02,7dbe0668-d514-4da3-a7dc-9386cd98ce78,Probability Distribution,2,WWW:LINK-1.0-http--link,d01de4fb-c9fb-4c7d-9a1c-593946acd566,active,Unnamed resource,active,"http://thredds.d4science.org/thredds/wcs/public/netcdf/AquamapsNative/aquamaps_native_acropora_hemprichii.nc?service=wcs&version=1.0.0&request=GetCoverage&coverage=probability&CRS=EPSG:4326&bbox=-24.75,-179.75,30.25,180.25&width=640&height=480&format=geotiff",WMS,iMarine,2017-10-14T01:18:06.292504,False
770caa65-89c5-4869-99e4-32d1380e497a,538e8738-e71d-4743-92ee-8a7f9892d831,2cef6224-48e5-421f-804c-d946eed43f13,Raster,2,WWW:LINK-1.0-http--link,ffe92369-fb5d-4f15-9653-15edd23b39e7,active,Unnamed resource,active,"http://thredds.d4science.org/thredds/wcs/public/netcdf/AquamapsNative2050/aquamaps_native2050_amblygaster_leiogaster.nc?service=wcs&version=1.0.0&request=GetCoverage&coverage=probability&CRS=EPSG:4326&bbox=-32.75,30.25,38.25,139.25&width=640&height=480&format=geotiff",WMS,iMarine,2017-12-15T18:30:43.720401,False
f0684341-2f69-48d4-9e68-01c5efdbbafc,aba6450f-6547-47a9-9ab3-a1a4f309bb6b,bf531685-106d-4ba7-bd35-e91ffcbca105,WORMS   209390,2,WWW:LINK-1.0-http--link,3642e107-30a5-4fa7-9d94-6e84c72976e3,active,GIS Viewer link,active,"http://geoserver3.d4science.research-infrastructures.eu/geoserver/wms?service=wms&version=1.1.0&request=GetMap&layers=labraliaandamanica20130412031430631cest&styles=&bbox=-180,-90,180,90&width=676&height=330&srs=EPSG:4326&crs=EPSG:4326&format=application/openlayers",WMS,iMarine,2017-09-23T17:25:27.215448,False
19cf927e-7886-4e07-ac7e-7265e13afcba,b745ed89-61cc-46c8-ae9d-eb91952a501a,27c13628-50b4-4d81-8c08-f2fbf67e9e93,iMarine,1,WWW:LINK-1.0-http--link,034d7e07-37f2-4de0-a0cf-8662392a1fe2,active,WFS link to resource,active,http://data.d4science.org/gis?scope=%2Fd4science.research-infrastructures.eu&gis-UUID=62208495-413f-48d5-8e02-f8d918b3d739,WMS,iMarine,2017-09-22T01:34:19.226867,False
bebda250-fdab-4fb7-9bfc-613f165885c1,cd04391b-2f2b-4780-9a51-3e18fbe18af1,592ea2d6-9b29-4d1e-bae9-979ca1904687,Raster,1,WWW:LINK-1.0-http--link,1c362bfe-e034-4496-b4d1-66086c5aeffd,active,WFS link to resource,active,http://data.d4science.org/gis?scope=%2Fd4science.research-infrastructures.eu&gis-UUID=7ef7cba5-0d78-4456-946b-813ad004fd4e,WMS,iMarine,2017-09-21T22:15:10.544586,False
09e57433-8031-453e-9221-bf1fb3dcaf0f,7cfba452-36df-4859-9fda-e8af406854e7,602dcaa0-7c89-4284-8229-8404ee92558a,Species Distribution Model,1,WWW:LINK-1.0-http--link,ad83cb4c-2b43-42d5-b5b1-cfc8d0c0ab13,active,Unnamed resource,active,http://thredds.d4science.org/thredds/dodsC/public/netcdf/AquamapsNative/aquamaps_native_allomycterus_pilatus.nc,application/x-netcdf,Probability Distribution,2017-10-13T23:43:27.781582,False
f1dd58c1-1865-41b2-ad45-efb1337879bc,aba6450f-6547-47a9-9ab3-a1a4f309bb6b,8a542cd4-8191-40f7-b423-7965f5b79dcf,a9c638cc-849b-4697-bc14-4077a3f688f6,1,WWW:LINK-1.0-http--link,c2b6cb05-eaf5-4251-80c5-a9e384b775a5,active,WFS link to resource,active,http://data.d4science.org/gis?scope=%2Fd4science.research-infrastructures.eu&gis-UUID=a94e1df5-9fb1-411d-81fb-b44c8a61cc43,application/x-netcdf,Raster,2017-09-22T01:27:52.278506,False
4162f26d-758b-4c6f-908f-8b70565eeeeb,35e82e38-06ec-4de2-bd75-7688120bab32,279f5cd2-bd5c-4227-afc5-ae2d6dddbc70,iMarine,1,WWW:LINK-1.0-http--link,071c7be6-83f6-4554-96df-572b6c4ad092,active,WFS link to resource,active,http://data.d4science.org/gis?scope=%2Fd4science.research-infrastructures.eu&gis-UUID=adb45e14-2e6d-4955-9b83-594f08d220b8,WMS,WORMS   209390,2017-09-22T02:31:09.664196,False
03549792-a8b2-4269-b665-c77dbd6dd301,6dc090b4-e8c1-49e5-ad55-237751486165,65c62255-e57f-4545-bbd4-6c3e6a3654c1,iMarine,1,WWW:LINK-1.0-http--link,46b1f117-24e8-452f-8458-578b3d02d638,active,WFS link to resource,active,http://data.d4science.org/gis?scope=%2Fd4science.research-infrastructures.eu&gis-UUID=06134537-b465-4d93-8794-4c51600e48d3,,Ecological niche modelling,2017-09-21T12:39:44.302399,False
89c363c0-2a4e-4ca2-9de4-111ffdc8e4a3,b81578df-40eb-4b4a-b90a-b6c03018b2ac,f03a5239-b74d-4c00-af44-70d902f74e36,Raster,1,WWW:LINK-1.0-http--link,4c584d2d-d9e3-439f-b357-f29effb3e2b5,active,WFS link to resource,active,http://data.d4science.org/gis?scope=%2Fd4science.research-infrastructures.eu&gis-UUID=6f1570ec-c7c2-416c-bd6e-0f7cf547c1ff,,Ecological niche modelling,2017-09-22T04:18:56.538638,False
75c70ac5-74dc-4a7c-b82c-6fb890583e12,b181464d-5659-4a4d-8060-fdff3ad1c854,6d6aadca-faa7-4476-b69f-ab1e5e1d6546,Species Distribution Model,1,,6acd35a3-d4d6-4130-bf88-7d849cd6cc88,active,WFS link to resource,active,http://data.d4science.org/gis?scope=%2Fd4science.research-infrastructures.eu&gis-UUID=145d4c6a-b914-4a65-b483-b2d9bb491de9,,AquaMaps Native,2017-09-21T19:55:31.537217,False
7250e4f5-f696-4ab4-b546-d92b6f07b661,3dd6c58f-cb10-4095-8720-e639e1d41379,770e9ff8-d14b-40a5-97c0-1f2879030a15,iMarine,1,,13dad061-f600-4cff-9464-9050c475854c,active,WFS link to resource,active,http://data.d4science.org/gis?scope=%2Fd4science.research-infrastructures.eu&gis-UUID=89ecf706-6ab9-44b0-96c4-0aadbc74a4aa,,SpeciesDistribution,2017-09-21T22:43:58.492894,False
9085c23f-31ea-4a37-b5be-b95f2b65f23b,9acc426e-ffb4-49a7-83a0-eac6beed1248,93a04134-1367-4b04-b090-5fff14f0fb99,Banded-tail glassy perchlet,1,,d6726eba-2eed-4250-898f-7284c0bf65db,active,WFS link to resource,active,http://data.d4science.org/gis?scope=%2Fd4science.research-infrastructures.eu&gis-UUID=de577809-6424-4f78-ac08-2e45714e5613,,Ecological niche modelling,2017-09-22T15:26:15.317749,False
d06c4150-faa6-4174-823a-eb49453d59d8,70ec2f8f-fe77-470e-bbc6-f9a327bea089,690b1793-04cf-45a6-91e4-5049e5743056,AquaMaps,1,,3594caaa-8703-4d1e-be1c-63734788792a,active,Unnamed resource,active,http://thredds.d4science.org/thredds/dodsC/public/netcdf/AquamapsNative2050/aquamaps_native2050_acantholabrus_palloni.nc,,SpeciesDistribution,2017-12-15T21:57:04.079725,False
36f7db1c-837f-49f2-95db-836721023edc,52c3ba0c-a869-4e86-9619-885bd154afd2,f5f4dfae-0fab-42fa-9a8f-e09c7579ff48,AquaMaps,1,,54ae2bd0-7c17-482f-bea8-d6cfc66a8748,active,Unnamed resource,active,http://thredds.d4science.org/thredds/dodsC/public/netcdf/AquamapsNative2050/aquamaps_native2050_ambassis_ambassis.nc,,SpeciesDistribution,2017-12-16T02:19:26.694974,False
5929d449-2526-4a36-a7fe-b65dc0b6703e,9e27df7d-583b-4fdd-83fd-3424a8558be1,252b23c2-aecd-47ef-98d7-f83a02cad003,Ecological niche modelling,1,,48ed9b34-6a7d-4fa7-ac8f-9ebf3f971339,active,WFS link to resource,active,http://data.d4science.org/gis?scope=%2Fd4science.research-infrastructures.eu&gis-UUID=a534dcdd-3985-4207-af3e-386dec269883,,SpeciesDistribution,2017-09-22T16:11:28.646708,False
42dbfe92-5262-48d3-b4be-f3ae8f7d812a,aba6450f-6547-47a9-9ab3-a1a4f309bb6b,3cf501da-03a9-4184-81fe-e9414fa767eb,Blue-striped orange tamarin,1,,699f69f3-ffba-440f-a45b-51d8a979349c,active,WFS link to resource,active,http://data.d4science.org/gis?scope=%2Fd4science.research-infrastructures.eu&gis-UUID=02b3e1e0-986e-4213-848b-3dc6a15fb5fc,,Sergeant major,2017-09-23T09:16:07.858752,False
a3c4ae50-4526-4ae7-8483-d071a98b937d,cc8f1fb5-100f-4ba0-a2a9-c28953a9729e,1d92fc3f-e4e2-4399-9551-d5de8143df7c,Ecological niche modelling,1,,a6c0fca9-5393-4007-b5ea-d2eda935b873,active,WFS link to resource,active,http://data.d4science.org/gis?scope=%2Fd4science.research-infrastructures.eu&gis-UUID=46b4bbbb-7f67-4a6e-aa61-08485e154af7,,Port Jackson perchlet,2017-09-23T10:59:22.694019,False
72f42d3d-00c8-49df-9ccd-c1ad11a7ae96,cc8f1fb5-100f-4ba0-a2a9-c28953a9729e,f1b5ed00-f032-402c-88d7-f7b76c46e700,Ecological niche modelling,1,,959135ee-0879-438d-8ca7-df1337bb4c12,active,WFS link to resource,active,http://data.d4science.org/gis?scope=%2Fd4science.research-infrastructures.eu&gis-UUID=3c980871-8270-4d6c-b719-2c84246bb39f,,NetCDF,2017-09-23T12:05:55.481846,False
71ff0f36-43cf-42f2-a74b-47342fbacce0,95e3d2b7-1fb9-44bc-8db3-16780a5e35fe,01e2ab80-d398-461c-a832-1918262625f5,Ecological niche modelling,1,,02ed0785-3a4c-4faf-ac96-81aff89a65eb,active,WFS link to resource,active,http://data.d4science.org/gis?scope=%2Fd4science.research-infrastructures.eu&gis-UUID=8d74139c-216d-4acc-ac05-e10999498bfb,,Probability Distribution,2017-09-22T14:13:49.498967,False
81d7b3d5-02d7-4bb9-8f93-aa1f633420e8,c4418477-a9f9-4340-a417-9a16364cc98e,ae1fbac6-5dcf-4809-b164-e7844ad69007,Ecological niche modelling,1,,579e7012-acd3-47a8-98b9-3eca833df481,active,WFS link to resource,active,http://data.d4science.org/gis?scope=%2Fd4science.research-infrastructures.eu&gis-UUID=59fbfb25-3e31-42b0-9e75-a0ce7f0c134f,,Ecological niche modelling,2017-09-23T10:11:03.885577,False
09209088-fa84-4c68-9caf-95a497a5fb8c,cc8f1fb5-100f-4ba0-a2a9-c28953a9729e,a510e45d-0821-4d1b-b30b-da02c8cacf05,Ecological niche modelling,1,,8d65a4fd-9de4-423a-99d4-e2ebc252a46a,active,WFS link to resource,active,http://data.d4science.org/gis?scope=%2Fd4science.research-infrastructures.eu&gis-UUID=0e73c541-4608-43a1-9a11-db6645696d23,,SpeciesDistribution,2017-09-23T10:57:57.313767,False
b5b1df64-fdf3-4e5c-9e82-72454e07084e,c4418477-a9f9-4340-a417-9a16364cc98e,ebe0e62e-e9ee-4aa0-ac59-b70bb227122b,AquaMaps Native 2050,1,,d519d695-3034-4d48-83e6-7feaea990f92,active,WFS link to resource,active,http://data.d4science.org/gis?scope=%2Fd4science.research-infrastructures.eu&gis-UUID=fb26322c-4250-4500-890b-95940516c34c,,SpeciesDistribution,2017-09-22T18:06:29.762209,False
49f32948-1d7a-4ff5-bfcc-1c14922c119c,c4418477-a9f9-4340-a417-9a16364cc98e,c83d3226-e67a-434e-a944-b62ddd22daa9,NetCDF,1,,4db36425-6cf1-423b-a0ef-870d8ac8c160,active,WFS link to resource,active,http://data.d4science.org/gis?scope=%2Fd4science.research-infrastructures.eu&gis-UUID=5ce67197-6d4c-4858-b35b-c040fbdc6122,,Ecological niche modelling,2017-09-22T02:30:06.223946,False
f64bac17-6ad4-4eeb-8c58-d757cc6544b3,c4418477-a9f9-4340-a417-9a16364cc98e,e691d5e7-f9ae-4abc-bb26-7871bef3474b,AquaMaps,1,,6c313510-2515-4fc6-bf00-8ded6a3b86fd,active,WFS link to resource,active,http://data.d4science.org/gis?scope=%2Fd4science.research-infrastructures.eu&gis-UUID=915321ed-477a-4d53-bd96-e1a4e2a465a2,,Ecological niche modelling,2017-09-22T23:24:37.724792,False
31680345-3535-41e8-b2d6-ccb16c27d527,29bbec86-b286-48cf-b036-37bf4fc1ad25,21c72fe1-d4e8-4b42-9c1b-9c84c62f4c26,Ecological niche modelling,1,,50fd95e2-ec2a-49af-9a1d-ae74ef0aefb3,active,WFS link to resource,active,http://data.d4science.org/gis?scope=%2Fd4science.research-infrastructures.eu&gis-UUID=a37a2d3b-8137-46e3-833d-60e2c1bea807,,Ecological niche modelling,2017-09-23T11:32:10.549524,False
8bba4b0e-df1b-4af8-b0f7-400bb5383f30,cda0a44d-3f22-4b9b-ab4a-121724359fbc,fd1def78-703f-40c3-af62-c4c80be85938,Ecological niche modelling,1,,4048a62e-6c3d-463b-9cfc-b9859e6727a0,active,WFS link to resource,active,http://data.d4science.org/gis?scope=%2Fd4science.research-infrastructures.eu&gis-UUID=c40530fe-273f-48fa-b11e-65b62541a5fb,,SpeciesDistribution,2017-09-23T02:41:45.821484,False
aee38e27-aa72-4099-9f7d-e50ae49dd066,c5e29d4e-5814-4cb4-bc13-722f3fbbef4c,c24994fe-7025-4d96-b331-aa6a1fbf05cd,Bristle-tail file-fish,1,,d01de4fb-c9fb-4c7d-9a1c-593946acd566,active,Unnamed resource,active,http://thredds.d4science.org/thredds/dodsC/public/netcdf/AquamapsNative/aquamaps_native_acropora_hemprichii.nc,,Ecological niche modelling,2017-10-14T01:18:06.292514,False
770caa65-89c5-4869-99e4-32d1380e497a,26a86c41-69f5-4462-a043-0d46135fc2d9,a64a4e6b-15b8-447c-93b4-22f4da5dd81d,AquaMaps,1,,ffe92369-fb5d-4f15-9653-15edd23b39e7,active,Unnamed resource,active,http://thredds.d4science.org/thredds/dodsC/public/netcdf/AquamapsNative2050/aquamaps_native2050_amblygaster_leiogaster.nc,,Hooknose,2017-12-15T18:30:43.720410,False
f0684341-2f69-48d4-9e68-01c5efdbbafc,cc8f1fb5-100f-4ba0-a2a9-c28953a9729e,a43918b5-f8d8-4599-999b-5769adcc01da,Bluntspine blenny,1,,3642e107-30a5-4fa7-9d94-6e84c72976e3,active,WFS link to resource,active,http://data.d4science.org/gis?scope=%2Fd4science.research-infrastructures.eu&gis-UUID=28171d16-1609-4a09-a529-9e524ce1c43c,,Orangefin anemonefish,2017-09-23T17:25:27.215458,False
,c4418477-a9f9-4340-a417-9a16364cc98e,,Ecological niche modelling,,,,,,active,,,Scrawled filefish,,
,c4418477-a9f9-4340-a417-9a16364cc98e,,Blueback shad,,,,,,active,,,Ridged catfish,,
,cc8f1fb5-100f-4ba0-a2a9-c28953a9729e,,Ecological niche modelling,,,,,,active,,,AquaMaps Native,,
,cc8f1fb5-100f-4ba0-a2a9-c28953a9729e,,Ecological niche modelling,,,,,,active,,,NetCDF,,
,cc8f1fb5-100f-4ba0-a2a9-c28953a9729e,,Ecological niche modelling,,,,,,active,,,Ecological niche modelling,,
,c4418477-a9f9-4340-a417-9a16364cc98e,,Ecological niche modelling,,,,,,active,,,SpeciesDistribution,,
,cc8f1fb5-100f-4ba0-a2a9-c28953a9729e,,AquaMaps,,,,,,active,,,SpeciesDistribution,,
,fe4a0725-62d9-4876-b074-2b78f55c24ed,,AquaMaps Native 2050,,,,,,active,,,NetCDF,,
,68881214-519a-40cd-9eb1-5b7b0a22e832,,AquaMaps,,,,,,active,,,Vachelli s glass perchlet,,
,30a3c33e-f651-4af8-8562-6c555476b41d,,Ecological niche modelling,,,,,,active,,,SpeciesDistribution,,
,4e7232f1-0f4f-40c5-a3ef-2abba0b84599,,Ecological niche modelling,,,,,,active,,,Yellowtail clownfish,,
,95e3d2b7-1fb9-44bc-8db3-16780a5e35fe,,AquaMaps Native,,,,,,active,,,Thorny skate,,
,c5e29d4e-5814-4cb4-bc13-722f3fbbef4c,,SpeciesDistribution,,,,,,active,,,Warty prowfish,,
,cc8f1fb5-100f-4ba0-a2a9-c28953a9729e,,Ecological niche modelling,,,,,,active,,,SpeciesDistribution,,
,538e8738-e71d-4743-92ee-8a7f9892d831,,SpeciesDistribution,,,,,,active,,,SpeciesDistribution,,
,46ba38a7-fc57-4afb-95a9-ef746b1acc08,,SpeciesDistribution,,,,,,active,,,Probability Distribution,,
,98ab0a73-f002-4865-a2a5-e93c76f1498c,,SpeciesDistribution,,,,,,active,,,Raster,,
,538e8738-e71d-4743-92ee-8a7f9892d831,,Sergeant major,,,,,,active,,,SpeciesDistribution,,
,538e8738-e71d-4743-92ee-8a7f9892d831,,Port Jackson perchlet,,,,,,active,,,Vachelli s glass perchlet,,
,538e8738-e71d-4743-92ee-8a7f9892d831,,NetCDF,,,,,,active,,,Twobar seabream,,
,538e8738-e71d-4743-92ee-8a7f9892d831,,Probability Distribution,,,,,,active,,,SpeciesDistribution,,
,538e8738-e71d-4743-92ee-8a7f9892d831,,Ecological niche modelling,,,,,,active,,,SpeciesDistribution,,
,538e8738-e71d-4743-92ee-8a7f9892d831,,SpeciesDistribution,,,,,,active,,,SpeciesDistribution,,
,538e8738-e71d-4743-92ee-8a7f9892d831,,SpeciesDistribution,,,,,,active,,,Twobar anemonefish,,
,538e8738-e71d-4743-92ee-8a7f9892d831,,Ecological niche modelling,,,,,,active,,,SpeciesDistribution,,
,956556d6-337d-4c36-b996-75e594fc0f15,,Ecological niche modelling,,,,,,active,,,SpeciesDistribution,,
,bbf01f04-6969-415e-ba02-a76c67f830b7,,Ecological niche modelling,,,,,,active,,,SpeciesDistribution,,
,538e8738-e71d-4743-92ee-8a7f9892d831,,SpeciesDistribution,,,,,,active,,,SpeciesDistribution,,
,538e8738-e71d-4743-92ee-8a7f9892d831,,Ecological niche modelling,,,,,,active,,,SpeciesDistribution,,
,538e8738-e71d-4743-92ee-8a7f9892d831,,Hooknose,,,,,,active,,,NetCDF,,
,330fa169-0b8a-41d1-817c-8be3be0eb459,,Orangefin anemonefish,,,,,,active,,,Probability Distribution,,
,538e8738-e71d-4743-92ee-8a7f9892d831,,Scrawled filefish,,,,,,active,,,SpeciesDistribution,,
,538e8738-e71d-4743-92ee-8a7f9892d831,,Ridged catfish,,,,,,active,,,Banded-tail glassy perchlet,,
,538e8738-e71d-4743-92ee-8a7f9892d831,,AquaMaps Native,,,,,,active,,,AquaMaps,,
,538e8738-e71d-4743-92ee-8a7f9892d831,,NetCDF,,,,,,active,,,AquaMaps,,
,538e8738-e71d-4743-92ee-8a7f9892d831,,Ecological niche modelling,,,,,,active,,,Ecological niche modelling,,
,538e8738-e71d-4743-92ee-8a7f9892d831,,Species Distribution Model,,,,,,active,,,Blue-striped orange tamarin,,
,538e8738-e71d-4743-92ee-8a7f9892d831,,acantholabrus palloni,,,,,,active,,,Ecological niche modelling,,
,4815004f-b97b-4236-8a54-4b53dfa88969,,ambassis ambassis,,,,,,active,,,Ecological niche modelling,,
,538e8738-e71d-4743-92ee-8a7f9892d831,,Species Distribution Model,,,,,,active,,,Ecological niche modelling,,
,63bafd83-d7da-43a8-be95-98acd58712f8,,amblygaster leiogaster,,,,,,active,,,Ecological niche modelling,,
,172d04b9-eb96-4684-a7e3-0cf40b2b8af4,,AquaMaps,,,,,,active,,,Ecological niche modelling,,
,2b1914d5-f509-48b4-912e-9c2445356e73,,Alpheus macroskeles,,,,,,active,,,AquaMaps Native 2050,,
,26a86c41-69f5-4462-a043-0d46135fc2d9,,Allomycterus Pilatus,,,,,,active,,,NetCDF,,
,172d04b9-eb96-4684-a7e3-0cf40b2b8af4,,AquaMaps,,,,,,active,,,AquaMaps,,
,172d04b9-eb96-4684-a7e3-0cf40b2b8af4,,AquaMaps,,,,,,active,,,Ecological niche modelling,,
,172d04b9-eb96-4684-a7e3-0cf40b2b8af4,,AquaMaps,,,,,,active,,,Ecological niche modelling,,
,172d04b9-eb96-4684-a7e3-0cf40b2b8af4,,AquaMaps,,,,,,active,,,Bristle-tail file-fish,,
,172d04b9-eb96-4684-a7e3-0cf40b2b8af4,,AquaMaps,,,,,,active,,,AquaMaps,,
,172d04b9-eb96-4684-a7e3-0cf40b2b8af4,,AquaMaps,,,,,,active,,,Bluntspine blenny,,
,172d04b9-eb96-4684-a7e3-0cf40b2b8af4,,AquaMaps,,,,,,active,,,Ecological niche modelling,,
,bf9c1fc6-610c-4683-9906-ab38eeb55835,,AquaMaps,,,,,,active,,,Blueback shad,,
,c415fab9-35e8-45df-8790-d087f71698ae,,AquaMaps Native 2050,,,,,,active,,,Ecological niche modelling,,
,2b1914d5-f509-48b4-912e-9c2445356e73,,Alvania cancellata,,,,,,active,,,Ecological niche modelling,,
,172d04b9-eb96-4684-a7e3-0cf40b2b8af4,,AquaMaps,,,,,,active,,,Ecological niche modelling,,
,172d04b9-eb96-4684-a7e3-0cf40b2b8af4,,AquaMaps,,,,,,active,,,Ecological niche modelling,,
,172d04b9-eb96-4684-a7e3-0cf40b2b8af4,,AquaMaps,,,,,,active,,,AquaMaps,,
,2b1914d5-f509-48b4-912e-9c2445356e73,,Agaricia grahamae,,,,,,active,,,AquaMaps Native 2050,,
,172d04b9-eb96-4684-a7e3-0cf40b2b8af4,,AquaMaps,,,,,,active,,,AquaMaps,,
,172d04b9-eb96-4684-a7e3-0cf40b2b8af4,,AquaMaps,,,,,,active,,,iMarine,,
,172d04b9-eb96-4684-a7e3-0cf40b2b8af4,,AquaMaps,,,,,,active,,,Raster,,
,172d04b9-eb96-4684-a7e3-0cf40b2b8af4,,AquaMaps,,,,,,active,,,Species Distribution Model,,
,172d04b9-eb96-4684-a7e3-0cf40b2b8af4,,AquaMaps,,,,,,active,,,a9c638cc-849b-4697-bc14-4077a3f688f6,,
,172d04b9-eb96-4684-a7e3-0cf40b2b8af4,,AquaMaps,,,,,,active,,,iMarine,,
,172d04b9-eb96-4684-a7e3-0cf40b2b8af4,,AquaMaps,,,,,,active,,,iMarine,,
,26a86c41-69f5-4462-a043-0d46135fc2d9,,Acropora Hemprichii,,,,,,active,,,Raster,,
,bf9c1fc6-610c-4683-9906-ab38eeb55835,,AquaMaps,,,,,,active,,,Species Distribution Model,,
,2b1914d5-f509-48b4-912e-9c2445356e73,,Abralia andamanica,,,,,,active,,,iMarine,,
